EVENT_ID,CZ_NAME_STR,BEGIN_LOCATION,BEGIN_DATE,BEGIN_TIME,EVENT_TYPE,MAGNITUDE,TOR_F_SCALE,DEATHS_DIRECT,INJURIES_DIRECT,DAMAGE_PROPERTY_NUM,DAMAGE_CROPS_NUM,STATE_ABBR,CZ_TIMEZONE,MAGNITUDE_TYPE,EPISODE_ID,CZ_TYPE,CZ_FIPS,WFO,INJURIES_INDIRECT,DEATHS_INDIRECT,SOURCE,FLOOD_CAUSE,TOR_LENGTH,TOR_WIDTH,BEGIN_RANGE,BEGIN_AZIMUTH,END_RANGE,END_AZIMUTH,END_LOCATION,END_DATE,END_TIME,BEGIN_LAT,BEGIN_LON,END_LAT,END_LON,EVENT_NARRATIVE,EPISODE_NARRATIVE,ABSOLUTE_ROWNUMBER
874933,NEW MADRID CO.,BROADWATER,03/02/2020,2215,Tornado, ,EF0,0,0,0,0,MO,CST-6, ,145675,C,143,PAH,0,0,Storm Chaser, ,3.06,50,1,ESE,1,W,RISCO,03/02/2020,2218,36.57,-89.9,36.5712,-89.8449,"A storm chaser captured a picture of a narrow rope-like tornado illuminated by lightning. The tornado lasted approximately three minutes. The track was over flat, open farm fields that were not planted. Visible evidence of damage was not located.","A series of discrete thunderstorms, a few of which displayed supercell characteristics, moved east across southeast Missouri during the evening. A couple of the storms produced hail up to the size of ping pong balls, and an EF-0 tornado was observed in southern New Madrid County. This outbreak of storms occurred in a strong west-southwest flow ahead of a 500 mb shortwave over the Plains states. A southwest wind flow up to 30 knot at 850 mb provided some moisture for the storms. At the surface, a low pressure center moved east-northeast from the Ozarks to the lower Ohio Valley. A frontal boundary extending east-northeast from the low provided a focus for the storms.",1
875076,CARTER CO.,ELLSINORE,03/12/2020,1617,Tornado, ,EF0,0,0,5000,0,MO,CST-6, ,145687,C,35,PAH,0,0,NWS Storm Survey, ,0.42,75,5,SE,6,SE,ELLSINORE,03/12/2020,1618,36.8794,-90.6777,36.8748,-90.6726,"A few trees and tree limbs were blown down along the brief track that crossed Highway B. Peak winds were estimated near 75 mph based on a NWS damage survey.","A supercell thunderstorm intensified over the Ozark foothills of southeast Missouri and weakened as it crossed the city of Poplar Bluff. This supercell thunderstorm reached its maximum intensity in northwest Butler County, between the cities of Ellsinore and Poplar Bluff. At its strongest, the storm spawned two weak tornadoes and baseball-size hail. The storm formed ahead of a cold front that trailed southwest from a low pressure center over central Missouri. Steep mid-level lapse rates of 8.5 degrees C/km were sampled by the 18z sounding from Springfield, MO. These steep lapse rates favored large hail. Dew points in the low 60's and afternoon heating contributed to a corridor of 1000 to 1500 mixed-layer capes along and ahead of the front. This moderate instability, combined with effective wind shear magnitudes of 50 to 60 knots, favored supercell development.",2
875077,BUTLER CO.,STRINGTOWN,03/12/2020,1620,Tornado, ,EF0,0,0,5000,0,MO,CST-6, ,145687,C,23,PAH,0,0,NWS Storm Survey, ,0.6,100,8,NNW,7,NNW,STRINGTOWN,03/12/2020,1621,36.8571,-90.6234,36.8527,-90.6141,"A few trees and tree limbs were down along PP Highway and County Roads 415 and 426. Peak winds were estimated near 75 mph based on a NWS damage survey.","A supercell thunderstorm intensified over the Ozark foothills of southeast Missouri and weakened as it crossed the city of Poplar Bluff. This supercell thunderstorm reached its maximum intensity in northwest Butler County, between the cities of Ellsinore and Poplar Bluff. At its strongest, the storm spawned two weak tornadoes and baseball-size hail. The storm formed ahead of a cold front that trailed southwest from a low pressure center over central Missouri. Steep mid-level lapse rates of 8.5 degrees C/km were sampled by the 18z sounding from Springfield, MO. These steep lapse rates favored large hail. Dew points in the low 60's and afternoon heating contributed to a corridor of 1000 to 1500 mixed-layer capes along and ahead of the front. This moderate instability, combined with effective wind shear magnitudes of 50 to 60 knots, favored supercell development.",3
878298,SALINE CO.,NORTON,04/24/2020,1308,Tornado, ,EF0,0,0,0,0,MO,CST-6, ,146167,C,195,EAX,0,0,Public, ,0.02,50,2,WNW,2,WNW,NORTON,04/24/2020,1308,39.21,-93.31,39.21,-93.31,"A landspout formed near Malta Bend. After the office received a couple reports of a funnel cloud underneath new convection some photos were sent to the office via Twitter of a broad dust swirl that extended upward to the cloud base. No damage occurred as a result of this weak and brief landspout.","On the afternoon of April 24, 2020 scattered convection formed across central Missouri. Early in the storm formation period one of these storms produced a brief landspout that was photographed by some passers-by. No damage was reported with this tornado.",4
883855,NEW MADRID CO.,CONRAN,05/03/2020,1256,Tornado, ,EF1,0,0,500000,0,MO,CST-6, ,147019,C,143,PAH,0,0,NWS Storm Survey, ,5.84,150,3,NNW,2,ESE,MARSTON,05/03/2020,1301,36.523,-89.6631,36.5105,-89.5591,"The EF-1 tornado damaged or destroyed several farm buildings. The farm buildings included large metal storage buildings. The concrete anchors of a shed were pulled from the ground. The tornado cut through the city of Marston, where the city hall and an apartment building were partially unroofed. At least three power poles were broken. Numerous trees were uprooted. The discernable tornado path ended in the Mississippi River flood plain. Peak winds were estimated near 95 mph.","Numerous reports of wind damage and an isolated tornado accompanied a squall line of thunderstorms that moved rapidly east-southeast. The wind damage was mainly along and south of a line from Van Buren to Greenville to Sikeston. The atmosphere was moderately unstable, with cape values on the order of 1500 to 2000 J/kg. The relatively compact but organized and vigorous convective system maintained intensity as it progressed east to the Mississippi River. The damaging wind events occurred along and south of a surface frontal boundary, where dew points were in the mid 60's.",5
884047,CARTER CO.,GRANDIN,05/04/2020,1523,Tornado, ,EF0,0,0,75000,0,MO,CST-6, ,147073,C,35,PAH,0,0,NWS Storm Survey, ,4.04,50,2,W,2,ESE,GRANDIN,05/04/2020,1529,36.8328,-90.8699,36.8184,-90.7991,"The EF-0 tornado along the southern border of Carter County contained estimated peak winds of 85 mph, uprooting or damaging dozens of trees along its path. On Highway 21 between Grandin and the Ripley County line, the tornado pushed over several wooden electrical poles. The tornado also removed a small section of the roof of a manufactured home. The tornado was along the northern edge of a macroburst that was primarily over northern Ripley County.","Two small but intense bowing thunderstorm clusters moved rapidly east/southeastward across southeast Missouri during the late afternoon hours. Damage surveys confirmed a brief EF-0 tornado, however the most noteworthy events were two macrobursts containing peak winds in the 95 to 110 mph range. Flash flooding of low water crossings  occurred due to repeated thunderstorm activity over the Ozark foothills. Although the bowing clusters of storms resided in relatively stable air to the north of a stationary front over western Tennessee and central Arkansas, occasional damaging wind gusts occurred due to their well-organized nature.",6
883827,BUCHANAN CO.,HALLS,05/25/2020,1330,Tornado, ,EF0,0,0,0,0,MO,CST-6, ,147016,C,21,EAX,0,0,NWS Employee, ,0.01,20,1,SSW,1,SSW,HALLS,05/25/2020,1330,39.61,-94.99,39.61,-94.99,"At least two reports of a brief tornado came to the office, one of which was from an off duty National Weather Service employee. No damage was reported from this tornado.","Two rounds of severe weather formed on May 25th. The first round produced a weak and brief tornado that was witnessed, but produced no damage. The second round later in the evening mainly produced some scattered minor flash flooding events and strong winds that produced minor damage.",7
896592,JACKSON CO.,LAKE TAPAWINGO,06/04/2020,120,Tornado, ,EF0,0,0,0,0,MO,CST-6, ,148826,C,95,EAX,0,0,Emergency Manager, ,5.69,40,2,S,4,N,COCKRELL,06/04/2020,133,39.0036,-94.324,38.9386,-94.2589,"A strong QLCS came through the Kansas City metro during the early morning hours on June 4. This QLCS produced a brief tornado in the Lake Lotawana area. The damage from this QLCS mesovortex tornado was minor.","Two rounds of severe storms came through the Kansas City metro area on back to back nights, both taking place late in the evening and lasting through the overnight hours. Both events were nearly identical in evolution, with a strong QLCS each night producing scattered wind damage. The June 4 QLCS produced a couple weak and brief EF-0 tornadoes that did some minor damage.",8
896593,CASS CO.,ARCHIE,06/04/2020,156,Tornado, ,EF0,0,0,0,0,MO,CST-6, ,148826,C,37,EAX,0,0,Emergency Manager, ,1.15,40,1,E,2,ESE,ARCHIE,06/04/2020,159,38.4832,-94.3474,38.472,-94.3317,"A QLCS mesovortex tornado formed within an overnight squall line in rural Cass County. This tornado did minimal damage to trees and structures as it moved into far northern Bates County.","Two rounds of severe storms came through the Kansas City metro area on back to back nights, both taking place late in the evening and lasting through the overnight hours. Both events were nearly identical in evolution, with a strong QLCS each night producing scattered wind damage. The June 4 QLCS produced a couple weak and brief EF-0 tornadoes that did some minor damage.",9
896594,BATES CO.,CRESCENT HILL,06/04/2020,159,Tornado, ,EF0,0,0,0,0,MO,CST-6, ,148826,C,13,EAX,0,0,Emergency Manager, ,0.63,40,3,NNE,3,NNE,CRESCENT HILL,06/04/2020,200,38.4719,-94.3316,38.4658,-94.3229,"This is a continuation of the brief QLCS mesovortex tornado that  formed within an overnight squall line in rural Cass County. This tornado did damage to trees and structures as it moved into far northern Bates County, with the most significant damage occurring in Archie where a large tree fell into a house.","Two rounds of severe storms came through the Kansas City metro area on back to back nights, both taking place late in the evening and lasting through the overnight hours. Both events were nearly identical in evolution, with a strong QLCS each night producing scattered wind damage. The June 4 QLCS produced a couple weak and brief EF-0 tornadoes that did some minor damage.",10
906125,HOLT CO.,OREGON,06/09/2020,1903,Tornado, ,EF0,0,0,0,0,MO,CST-6, ,150293,C,87,EAX,0,0,Public, ,0.01,25,4,N,4,N,OREGON,06/09/2020,1903,40.0401,-95.1604,40.0401,-95.1604,"The office received several videos and photos of what appeared to be a brief tornado between Oregon and Mound City, near I-29. No damage was reported.","A brief tornado formed near I-29 close to the town of Oregon, Missouri. This tornado was filmed, so while video evidence exists, there was no reported damage from this brief tornado. Ongoing moderate to heavy rain caused some roads to be  closed in central Missouri through most of the day.",11
905250,CRAWFORD CO.,CUBA AIRSTRIP ARPT,06/27/2020,1642,Tornado, ,EF0,0,0,0,0,MO,CST-6, ,150143,C,55,LSX,0,0,Emergency Manager, ,0.76,100,2,WNW,1,WNW,CUBA AIRSTRIP ARPT,06/27/2020,1644,38.087,-91.457,38.088,-91.443,"A brief, weak tornado touched down in the early evening just to the northwest of Cuba, Missouri. The tornado first touched down to the west of Indian Lake, along Lakeshore Drive. The tornado did some minor damage to a roof on the west side of Lakeshore Drive. The worst of the damage occurred to two residences on the east side of Lakeshore Drive, on the west side of Indian Lake. A few trees were uprooted or snapped, and a home lost the majority of its roof. Additionally, a boat dock was completely flipped over. The tornado moved east across the lake, snapping a few other trees and doing some minor roof damage to a home along Indian Hills Drive. The tornado quickly lifted just before it hit Seminole Road. Additional tree damage and some minor house damage (a few shingles and siding peeled off) was noted along DD Highway well to the south and east of the damage near the lake. This damage was deemed to be straight line wind damage, caused by a surge in the rear flank downdraft of the thunderstorm. Overall the tornado was rated EF0 with a path length of 0.76 miles. The max path width was 100 yards. No deaths or injuries were reported with the tornado.","An MCV combined with a weak cold front produced storms across the region. Some of the storms became severe and produced two tornadoes.",12
905288,ST. FRANCOIS CO.,HURRYVILLE,06/27/2020,2014,Tornado, ,EF1,0,0,0,0,MO,CST-6, ,150143,C,187,LSX,0,0,Emergency Manager, ,0.74,125,1,NNE,2,NNE,HURRYVILLE,06/27/2020,2016,37.85,-90.461,37.858,-90.452,"A tornado rapidly developed near Hillsboro Road to the east of Park Hills, Missouri. This tornado initially caused sporadic tree damage to a grove of trees west of Hillsboro Road. As it approached Hillsboro Road, the tornado widened and became a bit stronger, causing EF-1 damage to a home by collapsing its southward facing exterior wall. Minor roof damage also occurred to another home, along with several trees that were snapped. The tornado then crossed Hillsboro Road and did some minor roof damage to an outbuilding on the east side of the roadway. The tornado lifted as it approached a large grove of trees on the eastern side of Hillsboro Road. Overall, the tornado was rated EF1 with a path length of 0.74 miles. The max path width was 125 yards. No deaths or injuries were reported.","An MCV combined with a weak cold front produced storms across the region. Some of the storms became severe and produced two tornadoes.",13
912249,CLAY CO.,SMITHVILLE,07/29/2020,1245,Tornado, ,EF0,0,0,0,0,MO,CST-6, ,151373,C,47,EAX,0,0,Emergency Manager, ,0.27,20,2,S,2,S,SMITHVILLE,07/29/2020,1246,39.37,-94.5819,39.3738,-94.5829,"A weak storm moving north exhibited some enhanced low level rotation as it crossed a east to west oriented surface boundary. Several reports came to the office about a potential brief tornado in the Smithville area. Some video evidence was submitted and it was confirmed to be a brief tornado that caused no damage to the Smithville area.","On July 29-31, a mid level trough dug into the central part of the CONUS, and produced several rounds of moderate to heavy rain. The first day of this parade, the 29th, saw at least one confirmed brief tornado in the Smithville area. There was no damage from this tornado, as it was confirmed via video, not damage.",14
921336,PEMISCOT CO.,DEERING,09/01/2020,1514,Tornado, ,EF0,0,0,0,2000,MO,CST-6, ,152965,C,155,MEG,0,0,Public, ,2.1,50,1,S,1,NW,BRAGGADOCIO,09/01/2020,1521,36.18,-89.88,36.1948,-89.8472,"A tornado developed just south of Deering. The tornado moved east northeast on an intermittent path.  The tornado moved across open fields, and no structural damage was reported.","A mesoscale convective system tracked across the Missouri Bootheel and northwest Tennessee and into the TN River River by mid-afternoon on September 1st. In the wake of the departing mesoscale convective system, an isolated thunderstorm developed over the Missouri Bootheel and moved into Lake County, Tennessee. A couple of weak tornadoes occurred.",15
937939,CASS CO.,PECULIAR ARPT,03/15/2021,1612,Tornado, ,EF0,0,0,0,0,MO,CST-6, ,155501,C,37,EAX,0,0,Storm Chaser, ,0.01,10,1,NNE,1,NNE,PECULIAR ARPT,03/15/2021,1612,38.7508,-94.3943,38.7508,-94.3943,"A storm that produced a weak tornado in eastern Johnson County Kansas moved into western Missouri and an eyewitness reported a brief touchdown near 203rd and HWY 291. No damage was reported.","A storm that produced a weak tornado in eastern Johnson County Kansas moved into western Missouri and an eyewitness reported a brief touchdown near 203rd and HWY 291. No damage was reported.",16
949238,BARRY CO.,EAGLE ROCK,03/17/2021,1630,Tornado, ,EF1,0,0,50000,0,MO,CST-6, ,156969,C,9,SGF,0,0,NWS Storm Survey, ,20.09,75,5,NW,3,ESE,WHEELERVILLE,03/17/2021,1719,36.6,-93.82,36.8201,-93.583,"A storm survey determined that a tornado with a maximum of EF-1 strength winds touched down initially five miles northeast of Eagle Rock and continued along an intermittent path of damage 25 miles long as it moved to the northeast. The majority of the damage path, 20 miles, was in Barry County before the tornado crossed into Stone County. Along its path the tornado topped or uprooted several hard and soft wood trees and damaged several outbuildings. The tornado crossed into Stone County along Farm Road 1250. The very rugged terrain precluded a full survey and lead to the intermittent designation.","A low pressure system deepened rapidly as it moved from southwest Kansas to southwest Missouri to southern Illinois. Strong to severe storms that developed over northern Oklahoma and central Kansas around midnight on the 17th pushed eastward into southeast Kansas and western Missouri by daybreak. Several of these storms produced hail to the size of quarters and wind gusts over 60 mph during the early morning. ||After the morning storms dissipated, with the loss of support from the nocturnal low level jet,  residual outflow boundaries and increasing lift from the approaching upper level low led to another round of intense storms that developed over northwest Arkansas and northeast Oklahoma during the mid afternoon and moved northeastward across southwest Missouri through the evening. These storms produced a few tornadoes over Barry and Stone Counties and hail up to 2 inches in diameter.",17
949240,STONE CO.,ELSEY,03/17/2021,1719,Tornado, ,EF1,0,0,10000,0,MO,CST-6, ,156969,C,209,SGF,0,0,Trained Spotter, ,3.64,50,3,SW,1,NE,ELSEY,03/17/2021,1730,36.8201,-93.583,36.86,-93.54,"A survey determined that a tornado with maximum strength of EF-1 touched down in Barry county and continued into Stone county. The tornado crossed into Stone County along Farm Road 1250 where a trailer home suffered minor roof damage. Several hard wood trees were uprooted or topped as the tornado moves northeast with some downed trees blocking Highways 413 and FF. The tornado then lifted three miles south of Hurley or just north of Elsey.","A low pressure system deepened rapidly as it moved from southwest Kansas to southwest Missouri to southern Illinois. Strong to severe storms that developed over northern Oklahoma and central Kansas around midnight on the 17th pushed eastward into southeast Kansas and western Missouri by daybreak. Several of these storms produced hail to the size of quarters and wind gusts over 60 mph during the early morning. ||After the morning storms dissipated, with the loss of support from the nocturnal low level jet,  residual outflow boundaries and increasing lift from the approaching upper level low led to another round of intense storms that developed over northwest Arkansas and northeast Oklahoma during the mid afternoon and moved northeastward across southwest Missouri through the evening. These storms produced a few tornadoes over Barry and Stone Counties and hail up to 2 inches in diameter.",18
955314,TANEY CO.,IKE,04/28/2021,830,Tornado, ,EF0,0,0,25000,0,MO,CST-6, ,157890,C,213,SGF,0,0,NWS Storm Survey, ,0.09,50,1,SE,1,ESE,IKE,04/28/2021,831,36.7392,-93.2499,36.7395,-93.2483,"A National Weather Service storm survey determined that an EF0 tornado with winds estimated at 70 mph briefly touched down. Along the very short 50 yard wide path, several trees were snapped and a home suffered minor damage.","Heavy rain developed over southern Missouri on the night of the 27th and continued through the evening of the 28th as a slow moving cold front moved across the region and interacted with a moist and unstable airmass over the region. Several inches of rain fell in a short period of time during the early morning of the 28th and led to flash flooding in Reeds Spring and at Roaring River State Park, where numerous campers were evacuated. Between 1.50 and 5 inches of rain fell across much of the Ozarks in a 24 hour period. Some readings indicated that as much as 2.5 inches of rain fell in about a 30 minute period In Barry and Stone Counties. In addition to the flooding, several brief tornadoes occurred in Barry, Christian and Douglas Counties.",19
955315,TANEY CO.,WALNUT SHADE,04/28/2021,837,Tornado, ,EF0,0,0,125000,0,MO,CST-6, ,157890,C,213,SGF,0,0,NWS Storm Survey, ,0.57,50,2,N,2,N,WALNUT SHADE,04/28/2021,841,36.7651,-93.2058,36.7656,-93.1956,"A National Weather Service storm survey determined that an EF0 tornado with estimated winds of 70 mph touched down with a path of a half mile in length and a width of 50 yards. Along the path of this brief touchdown, several snapped and uprooted trees were noted along with minor residential damage. One large tree was uprooted and fell onto a home causing significant damage.","Heavy rain developed over southern Missouri on the night of the 27th and continued through the evening of the 28th as a slow moving cold front moved across the region and interacted with a moist and unstable airmass over the region. Several inches of rain fell in a short period of time during the early morning of the 28th and led to flash flooding in Reeds Spring and at Roaring River State Park, where numerous campers were evacuated. Between 1.50 and 5 inches of rain fell across much of the Ozarks in a 24 hour period. Some readings indicated that as much as 2.5 inches of rain fell in about a 30 minute period In Barry and Stone Counties. In addition to the flooding, several brief tornadoes occurred in Barry, Christian and Douglas Counties.",20
955316,CHRISTIAN CO.,CHADWICK,04/28/2021,855,Tornado, ,EF0,0,0,5000,0,MO,CST-6, ,157890,C,43,SGF,0,0,NWS Storm Survey, ,0.42,50,5,SSW,4,SSW,CHADWICK,04/28/2021,859,36.8677,-93.1012,36.8732,-93.0982,"A National Weather Service storm survey determined that an EF0 tornado with winds estimated at 76 mph touched down and moved along a 50 yard wide, half mile long path. Numerous trees were uprooted and snapped and a shed was destroyed.","Heavy rain developed over southern Missouri on the night of the 27th and continued through the evening of the 28th as a slow moving cold front moved across the region and interacted with a moist and unstable airmass over the region. Several inches of rain fell in a short period of time during the early morning of the 28th and led to flash flooding in Reeds Spring and at Roaring River State Park, where numerous campers were evacuated. Between 1.50 and 5 inches of rain fell across much of the Ozarks in a 24 hour period. Some readings indicated that as much as 2.5 inches of rain fell in about a 30 minute period In Barry and Stone Counties. In addition to the flooding, several brief tornadoes occurred in Barry, Christian and Douglas Counties.",21
955317,DOUGLAS CO.,BLANCHE,04/28/2021,1013,Tornado, ,EF0,0,0,250000,0,MO,CST-6, ,157890,C,67,SGF,0,0,NWS Storm Survey, ,1.88,100,2,NW,1,SE,BUCKHART,04/28/2021,1019,36.8423,-92.3251,36.8642,-92.3047,"A National Weather Service storm survey determined that an EF0 tornado with maximum winds estimated at 85 mph moved along a 100 yard wide and 1.9 mile long path. The most significant damage was the destruction of a three car garage and several outbuildings near the start of the path. Minor damage occurred to three homes and numerous trees were snapped or uprooted.","Heavy rain developed over southern Missouri on the night of the 27th and continued through the evening of the 28th as a slow moving cold front moved across the region and interacted with a moist and unstable airmass over the region. Several inches of rain fell in a short period of time during the early morning of the 28th and led to flash flooding in Reeds Spring and at Roaring River State Park, where numerous campers were evacuated. Between 1.50 and 5 inches of rain fell across much of the Ozarks in a 24 hour period. Some readings indicated that as much as 2.5 inches of rain fell in about a 30 minute period In Barry and Stone Counties. In addition to the flooding, several brief tornadoes occurred in Barry, Christian and Douglas Counties.",22
947618,BOLLINGER CO.,HURRICANE,04/28/2021,1350,Tornado, ,EF1,0,0,0,0,MO,CST-6, ,156815,C,17,PAH,0,0,NWS Storm Survey, ,3.37,225,1,NNE,1,NW,MAYFIELD,04/28/2021,1358,37.4361,-90.0159,37.4644,-89.9658,"Damage was mainly to trees, with thousands of large trees snapped or uprooted. Near the beginning of the path, along Highway M, south of Patton, a tractor trailer was overturned. A smaller trailer and several farm items were blown around, such as a fuel tank and planks. Extensive tree damage began by the time the tornado reached County Road 346, with thousands of trees downed between County Road 346 and Missouri JJ Highway. A small shed was blown away just south of JJ Highway, where the tornado reached its maximum intensity and width. A mobile home lost some of its shingles and most of its underpinning as the tornado moved along and just north of JJ Highway. The tornado ended just northeast of the intersection of JJ Highway and County Road 366, where it downed several mainly small trees and removed some shingles from a garage.","The remnants of a squall line moved east across southeast Missouri in the form of a loosely organized cluster of storms. These storms moved along a poorly defined warm front, characterized by weak instability and 40 to 50 kt of effective bulk wind shear. There was sufficient low level wind shear for an isolated tornado. The Paducah, KY radar wind profile indicated 0-3 km storm-relative helicity was just over 150. As the storms progressed through this environment, they produced a couple damaging gusts and a tornado.",23
957572,PEMISCOT CO.,CONCORD,05/04/2021,155,Tornado, ,EF0,0,0,50000,0,MO,CST-6, ,158369,C,155,MEG,0,0,NWS Storm Survey, ,2.73,90,2,NE,3,ESE,STANLEY,05/04/2021,158,36.3001,-89.7007,36.3179,-89.657,"The tornado developed near Interstate 55 where it damaged a shop building and a grain bin. Debris from the shop building was carried approximately one-quarter mile downstream. Along County Road 121, the tornado uprooted trees, one of which fell onto a church. The tornado damaged residences and a grain bin along County Road 321. The last observed damage was to trees east of C.R. 321. Peak winds were estimated at 85 mph.","A moist and unstable airmass in place across the Mid-South helped to fuel severe storms ahead of an advancing cold front and deep upper-level trough swinging into the Central Plains. A line of severe storms moved from Arkansas across northern parts of the Mid-South during the early morning hours of May 4th. There was widespread wind damage and a few weak tornadoes.",24
949860,MISSISSIPPI CO.,DORENA,05/04/2021,219,Tornado, ,EF1,0,0,85000,0,MO,CST-6, ,157140,C,133,PAH,0,0,NWS Storm Survey, ,3.71,400,3,NNW,5,NNE,DORENA,05/04/2021,225,36.623,-89.262,36.641,-89.199,"The tornado began in open farmland, where it uprooted and snapped several large trees along Highway 77, then proceeded east-northeast toward the Mississippi River, damaging a pivot sprinkler system and totally destroying an equipment shed near the levee.  Many trees on the east side of the levee had trunks and limbs snapped, and some trees were uprooted. To the south of the tornado path, sporadic straight-line wind damage occurred to trees along Highway A (a levee road) and along County Road 507 (a levee road). Peak winds were estimated near 105 mph.","Clusters of storms, followed by a bowing line of thunderstorms, organized and accelerated east-northeastward during the overnight and wee morning hours. Several pockets of damaging winds accompanied the storms. In addition, a mesovortex along the bowing line of storms produced a tornado near the Mississippi River. A mid-level shortwave trough moved east across the southern Plains. A belt of stronger southwesterly 500 mb winds spread northeast ahead of the trough into southeast Missouri and Arkansas. Instability was sufficient for a round of severe thunderstorms to occur.",25
959955,DE KALB CO.,OSBORN,05/20/2021,1706,Tornado, ,EF0,0,0,5000,0,MO,CST-6, ,158767,C,63,EAX,0,0,Emergency Manager, ,0.88,50,5,E,5,ENE,OSBORN,05/20/2021,1707,39.753,-94.2773,39.7657,-94.2767,"Emergency management from DeKalb County notified the office that there were power poles and power lines down on two roads that are about a mile apart. The path of damage between these two roads was pretty narrow, and radar indicated some weak rotation, so a tornado was deemed the reason for the damage.","Within an area of scattered convection an isolated weak tornado formed and damaged power lines and power poles within a narrow south to north path on two west-east roads about a mile apart.",26
961937,POLK CO.,BOLIVAR MEM ARPT,05/27/2021,1051,Tornado, ,EF1,0,0,300000,0,MO,CST-6, ,158958,C,167,SGF,0,0,NWS Storm Survey, ,0.08,50,1,W,0,W,BOLIVAR MEM ARPT,05/27/2021,1052,37.6,-93.44,37.5998,-93.4385,"A National Weather Service survey determined that an EF1 tornado briefly touched down destroying a workshop building and causing significant damage to another. Several trees were uprooted and multiple travel trailers suffered minor damage. The tornado was very short lived but witnessed by multiple people. Maximum wind speeds with the tornado were estimated at 95 mph and a width of 50 yards.","Strong to severe storms with heavy rainfall developed during the late morning of the 27th in association with an upper low pressure system. Widespread flash flooding and wind damage occurred over the region through the late afternoon. There were two brief tornadoes that developed along the leading edge of a quasi-linear convective system (QLCS) to the southwest and southeast of Bolivar. Numerous reports of heavy rainfall between 1 and 4 inches were received across southwestern Missouri. Rainfall accumulations over 5 inches occurred in Joplin and led to flash flooding in the city. Another round of flash flooding occurred along Kelly Creek in Monett and several roadways were closed.",27
961938,POLK CO.,VAN,05/27/2021,1108,Tornado, ,EF1,0,0,75000,0,MO,CST-6, ,158958,C,167,SGF,0,0,NWS Storm Survey, ,1.17,50,1,NNE,2,SSW,HALF WAY,05/27/2021,1109,37.59,-93.29,37.5914,-93.2688,"A National Weather Service survey determined that an EF1 tornado touched down and traveled 1.2 miles with maximum estimated windspeeds of 95 mph. Along the path of the tornado a large hay barn was heavily damaged and multiple trees were uprooted. The width of the tornado was near 50 yards wide.","Strong to severe storms with heavy rainfall developed during the late morning of the 27th in association with an upper low pressure system. Widespread flash flooding and wind damage occurred over the region through the late afternoon. There were two brief tornadoes that developed along the leading edge of a quasi-linear convective system (QLCS) to the southwest and southeast of Bolivar. Numerous reports of heavy rainfall between 1 and 4 inches were received across southwestern Missouri. Rainfall accumulations over 5 inches occurred in Joplin and led to flash flooding in the city. Another round of flash flooding occurred along Kelly Creek in Monett and several roadways were closed.",28
967473,CLAY CO.,MISSOURI CITY,06/11/2021,1329,Tornado, ,EF0,0,0,0,0,MO,CST-6, ,159864,C,47,EAX,0,0,Public, ,0.03,15,2,ENE,2,ENE,MISSOURI CITY,06/11/2021,1330,39.2434,-94.2713,39.2436,-94.2709,"Someone driving along HWY 210 near Missouri City filmed a brief tornado in the field to the north of the highway. The visual appearance of the tornado was similar to a landspout, and with it being associated with a new updraft near a boundary, it was determined to be a landspout.","During the evening of June 11, a complex of thunderstorms ripped through eastern Kansas and western Missouri, including through the Kansas City Metro area. While the severe weather was fairly widespread, impacts were pretty low. There were some sporadic areas of enhanced wind where several reports of 80+ mph wind was received with wide swaths of tree destruction. The area with the highest concentration of the worst damage was in the Excelsior Springs area, where tens to hundreds of large healthy trees were destroyed, including at nearby Watkins Mill State Park. No injuries were reported, but the widespread nature of the damage and magnitude of the highest wind reports made this the biggest event of the severe weather season in the area.",29
967490,GRUNDY CO.,TINDALL,06/24/2021,2013,Tornado, ,EF0,0,0,0,0,MO,CST-6, ,160069,C,79,EAX,0,0,Emergency Manager, ,1.66,25,1,SSW,2,ESE,TINDALL,06/24/2021,2015,40.1572,-93.6045,40.1615,-93.5735,"An embedded QLCS tornado moved through rural parts of Grundy County. The bulk of the damage as powerlines and trees, with minor structure damage.","Late in the afternoon, and through the evening hours on June 24 a cluster of storms over southeast Nebraska congealed into a line of thunderstorms that focused across northern Missouri. Most notably within this line of storms was a cluster of QLCS tornadoes that formed in Grundy County. There may have been other tornadoes associated with circulations that were noted on radar, but emergency management confirmed damage consistent with tornadoes near Trenton and Laredo Missouri. Most of the damage was minor, but some grain bins being blown off their foundation was the highlight of the damage in the area. Rainfall was the other big story with this event as some areas received 6 to 10 inches of rain. Despite the excessive rain, the flash flooding was rather minor, however there were still numerous roads closed, and areas near Excelsior Springs were especially hard hit as the Fishing River rose out of its banks. Another semi-dramatic event occurred along I-29 just north of St. Joseph, where a crane that was being used to do road construction became unbalanced and tipped.",30
967499,GRUNDY CO.,DUNLAP,06/24/2021,2017,Tornado, ,EF0,0,0,0,0,MO,CST-6, ,160069,C,79,EAX,0,0,Emergency Manager, ,5.63,50,4,NNW,2,WNW,GALT,06/24/2021,2022,40.1712,-93.519,40.1434,-93.4188,"A QLCS tornado formed within a squall line that moved through Grundy County. Most of the damage was relegated to trees, powerlines, and some minor structure damage in the area.","Late in the afternoon, and through the evening hours on June 24 a cluster of storms over southeast Nebraska congealed into a line of thunderstorms that focused across northern Missouri. Most notably within this line of storms was a cluster of QLCS tornadoes that formed in Grundy County. There may have been other tornadoes associated with circulations that were noted on radar, but emergency management confirmed damage consistent with tornadoes near Trenton and Laredo Missouri. Most of the damage was minor, but some grain bins being blown off their foundation was the highlight of the damage in the area. Rainfall was the other big story with this event as some areas received 6 to 10 inches of rain. Despite the excessive rain, the flash flooding was rather minor, however there were still numerous roads closed, and areas near Excelsior Springs were especially hard hit as the Fishing River rose out of its banks. Another semi-dramatic event occurred along I-29 just north of St. Joseph, where a crane that was being used to do road construction became unbalanced and tipped.",31
967504,GRUNDY CO.,LAREDO,06/24/2021,2018,Tornado, ,EF1,0,0,0,0,MO,CST-6, ,160069,C,79,EAX,0,0,Emergency Manager, ,4.88,75,2,NNW,2,S,LINDLEY,06/24/2021,2021,40.056,-93.4581,40.0456,-93.3668,"Another QLCS tornado formed within a squall line across Grundy County. Local emergency management conducted the survey and came across several barns heavily damaged along the path, with the most significant damage coming near JJ and E, where two grain bins were caved in and moved off their foundation.","Late in the afternoon, and through the evening hours on June 24 a cluster of storms over southeast Nebraska congealed into a line of thunderstorms that focused across northern Missouri. Most notably within this line of storms was a cluster of QLCS tornadoes that formed in Grundy County. There may have been other tornadoes associated with circulations that were noted on radar, but emergency management confirmed damage consistent with tornadoes near Trenton and Laredo Missouri. Most of the damage was minor, but some grain bins being blown off their foundation was the highlight of the damage in the area. Rainfall was the other big story with this event as some areas received 6 to 10 inches of rain. Despite the excessive rain, the flash flooding was rather minor, however there were still numerous roads closed, and areas near Excelsior Springs were especially hard hit as the Fishing River rose out of its banks. Another semi-dramatic event occurred along I-29 just north of St. Joseph, where a crane that was being used to do road construction became unbalanced and tipped.",32
970276,SHELBY CO.,SHELBINA,06/24/2021,2227,Tornado, ,EFU,0,0,0,0,MO,CST-6, ,160569,C,205,LSX,0,0,Trained Spotter, ,0.1,10,2,SSW,2,SSW,SHELBINA,06/24/2021,2228,39.6696,-92.062,39.6699,-92.0602,"A brief tornado was observed touching down in a field southwest of Shelbina. The tornado was on the ground less than a minute and did no damage.  The tornado was rated EFU with a path length of approximately 0.10 miles and a path width of 10 yards. No damage was reported.","A trough moved southeast through the region, generating a complex of showers and storms.  Numerous reports of damaging winds, a few tornadoes and flash flooding were reported with this system.",33
970277,MARION CO.,WHITE BEAR,06/24/2021,2301,Tornado, ,EF0,0,0,0,0,MO,CST-6, ,160569,C,127,LSX,0,0,Emergency Manager, ,0.21,50,1,NW,1,NW,WHITE BEAR,06/24/2021,2303,39.691,-91.5,39.693,-91.497,"A brief tornado touched down to the northeast of Renseselaer very early in the morning on June 25th. The tornado first touched down along County Road 429. The tornado quickly pushed northeast, doing damage to a few sheds at the intersection of County Road 429 and Highway MM. One shed was completely destroyed and its roof was lifted into a nearby tree. The tornado spread northeast across Highway MM, before lifting just to the north of Highway MM. The tornado was rated EF0 with a path length of 0.21 miles and a max path width of 50 yards. No injuries or deaths were reported.","A trough moved southeast through the region, generating a complex of showers and storms.  Numerous reports of damaging winds, a few tornadoes and flash flooding were reported with this system.",34
970279,MARION CO.,MUNGERS,06/24/2021,2308,Tornado, ,EF0,0,0,0,0,MO,CST-6, ,160569,C,127,LSX,0,0,Emergency Manager, ,0.13,25,2,SSE,2,SSE,MUNGERS,06/24/2021,2309,39.726,-91.409,39.727,-91.407,"A brief, narrow tornado touched down in a residential subdivision northwest of Hannibal, MO early Friday morning. The tornado first touched down along Rosewood Drive, where it ripped the siding off the westward facing wall of a residential home. The tornado then continued northeast towards Deer Ridge, completely destroying a couple of vinyl fences and breaking limbs off a large tree on the north side of Deer Ridge. The tornado quickly lifted as it pushed east towards Munger Lane. The tornado was rated EF0 with a path length of 0.13 miles and a max path width of 25 yards. No injuries or deaths were reported.","A trough moved southeast through the region, generating a complex of showers and storms.  Numerous reports of damaging winds, a few tornadoes and flash flooding were reported with this system.",35
965446,STODDARD CO.,DEXTER,07/10/2021,1918,Tornado, ,EF2,0,0,2000000,0,MO,CST-6, ,159417,C,207,PAH,0,0,NWS Storm Survey, ,5.8,175,3,WNW,1,E,DEXTER JCT,07/10/2021,1929,36.8101,-89.9985,36.7986,-89.8947,"The tornado first touched down along Highway AD, just north of the interchange with U.S. Highway 60. The tornado then tracked east-southeast across Highways 60 and 25 through the city of Dexter. At least 150 homes were damaged. At least one home sustained major loss of roof decking, and a half dozen or less homes had major damage mainly due to fallen trees. Most damage was loss of shingles and siding and facia. Several mobile homes were heavily damaged or destroyed. One mobile home was flipped on its roof. Several garages were blown from their foundations. A few large buildings sustained major damage, including major loss of roof structures. A hospital sustained major damage with several windows blown in, ceiling panels blown down, and one attached structure blown away from the hospital. Several vehicles at the hospital had their windows blown out or were otherwise damaged from flying debris. Hundreds of trees were uprooted or snapped. Peak winds were estimated near 120 mph.","Clusters of thunderstorms developed during the late afternoon hours. Some of the largest clusters were associated with sporadic gusty winds in the 40 to 60 mph range. By early evening, a few tornadic circulations were observed as storms intensified. A significant tornado occurred in southeast Missouri. In fact, this was the strongest tornado in the month of July since 1971 in southeast Missouri. The storms occurred ahead of a mid-level shortwave trough moving southeast into the Missouri Valley, with an associated cold front extending from southwest Kansas into northern and central Missouri.  During the late afternoon and evening, steep mid-level lapse rates and ample westerly wind shear resulted in organized severe thunderstorms with damaging winds and an isolated tornado.",36
975908,ST. FRANCOIS CO.,OGBORN,07/31/2021,950,Tornado, ,EF0,0,0,20000,0,MO,CST-6, ,161627,C,187,LSX,0,0,Emergency Manager, ,0.88,120,2,ESE,3,ESE,OGBORN,07/31/2021,953,37.82,-90.4,37.81,-90.39,"A brief, weak tornado first touched down just to the west of Turkey Mill Road in the late morning hours of July 31st. The tornado first did some damage to cedar trees along Turkey Mill, which were displaced over the roadway. The tornado then did some minor structural damage to a home on the east side of Turkey Mill, ripping off a few shingles and damaging the fascia. The tornado then continued to the southeast, completely uprooting a large walnut tree. The tornado completely destroyed a well built swing set, lofting parts of it nearly 100 yards into a pond and a nearby treeline. It also destroyed a well built vinyl fence, and did some minor roof damage to another home along Lober Farm Road. The tornado continued southeast, uprooting a couple of large trees as it moved towards Quail Run Road. Several large tree limbs were downed along part of Quail Run Road, before the tornado lifted as it approached State Route EE.  The tornado was rated EF0 with a path length of 0.88 miles and a max path width of 120 yards. No deaths or injuries were reported.","A mesoscale convective complex moved across portions of eastern Missouri and west central/southwest Illinois. There were several reports of flash flooding, as well as a tornado.",37
970852,BUTLER CO.,QULIN,08/08/2021,1814,Tornado, ,EF0,0,0,15000,0,MO,CST-6, ,160740,C,23,PAH,0,0,NWS Storm Survey, ,0.11,50,3,NNW,3,NNW,QULIN,08/08/2021,1815,36.64,-90.302,36.64,-90.3,"A brief EF-0 tornado touched down at a residence along Highway 53 northwest of Qulin. It lifted the front porch roof over the house. The porch roof was thrown westward, causing significant damage to the back side of the house roof before landing in the back yard. A  few trees were snapped on the property as well. A funnel cloud was witnessed dipping up and down. Photos were taken of the funnel cloud. Peak winds were estimated to be 85 mph.","A line of intense thunderstorms tracked eastward ahead of a mid-level short wave trough progressing into the middle Mississippi Valley. The storms were located within a corridor of unstable air characterized by cape in excess of 2000 J/kg. The most intense storm was located on the southern end of the line, near Poplar Bluff. This storm grew strong enough to produce an isolated brief tornado and a damaging wind gust.",38
984810,NEWTON CO.,MC ELHANY,10/11/2021,8,Tornado, ,EF1,0,0,75000,0,MO,CST-6, ,162581,C,145,SGF,0,0,NWS Storm Survey, ,3.34,90,2,WNW,2,WNW,NEOSHO ARPT,10/11/2021,15,36.7894,-94.4301,36.8371,-94.4195,"A National Weather Service storm survey determined that an EF-1 tornado touched down along Highway AA and tracked to the north along a parallel path of I-48 for 3.4 miles. The tornado had top windspeeds of 90 mph and a maximum path width of 100 yards. Along its path the tornado forced a manufactured home off its foundation, collapsed the doors of a large farm building and snapped or uprooted several trees.","Thunderstorms developed over Oklahoma and Kansas during the afternoon of the 10th and moved eastward into southeast Kansas and southwest Missouri from the late evening of the 10th to the late morning of the 11th. Two tornadoes touched down across extreme southwest Missouri during the early morning of the 11th. An EF-1 tornado occurred over southern Newton County near Goodman, and an EF-0 tornado occurred near Dudenville, along the Jasper and Barton County Line. Damage was reported to large trees, power lines, a barn and a manufactured home.",39
984811,JASPER CO.,DUDENVILLE,10/11/2021,344,Tornado, ,EF0,0,0,80000,0,MO,CST-6, ,162581,C,97,SGF,0,0,NWS Storm Survey, ,2.11,50,3,WNW,4,NNW,DUDENVILLE,10/11/2021,347,37.32,-94.12,37.35,-94.1127,"A National Weather Service Storm survey confirmed that and EF-0 tornado touched down in northeastern Jasper County then lifting in southeastern Barton County with an intermittent damage path.  The tornado tacked to the north for just over 2 miles with maximum wind speeds of 85 mph and a width of 50 yards in Jasper county before crossing SE 100th Road and moving into Barton county. Several trees were snapped or uprooted, a barn roof was significantly damaged and a center pivot irrigation system was flipped over. The tornado path continued into Barton County.","Thunderstorms developed over Oklahoma and Kansas during the afternoon of the 10th and moved eastward into southeast Kansas and southwest Missouri from the late evening of the 10th to the late morning of the 11th. Two tornadoes touched down across extreme southwest Missouri during the early morning of the 11th. An EF-1 tornado occurred over southern Newton County near Goodman, and an EF-0 tornado occurred near Dudenville, along the Jasper and Barton County Line. Damage was reported to large trees, power lines, a barn and a manufactured home.",40
984812,BARTON CO.,GOLDEN CITY,10/11/2021,347,Tornado, ,EF0,0,0,0,0,MO,CST-6, ,162581,C,11,SGF,0,0,NWS Storm Survey, ,0.24,50,4,SSW,3,S,GOLDEN CITY,10/11/2021,348,37.35,-94.1127,37.3529,-94.1102,"A National Weather Service storm survey determined that and EF-0 tornado touched down in northeastern Jasper County and lifted shortly after entering southeastern Barton County. This is the continuation of the tornado that touched down in Jasper County. The tornado crossed into Barton County along SE 100th Road and tracked for about a quarter of a mile before lifting. The tornado damages several trees before lifting.","Thunderstorms developed over Oklahoma and Kansas during the afternoon of the 10th and moved eastward into southeast Kansas and southwest Missouri from the late evening of the 10th to the late morning of the 11th. Two tornadoes touched down across extreme southwest Missouri during the early morning of the 11th. An EF-1 tornado occurred over southern Newton County near Goodman, and an EF-0 tornado occurred near Dudenville, along the Jasper and Barton County Line. Damage was reported to large trees, power lines, a barn and a manufactured home.",41
990005,CLINTON CO.,GRIDLEY,10/24/2021,1427,Tornado, ,EF0,0,0,0,0,MO,CST-6, ,163989,C,49,EAX,0,0,NWS Storm Survey, ,0.43,40,5,SE,5,SE,GRIDLEY,10/24/2021,1428,39.6181,-94.2138,39.6209,-94.2066,"This tornado developed just east of Interstate 35 in Clinton County, MO. It quickly crossed into Caldwell County, MO where it damaged several trees and a few buildings. The tornado dissipated just east of Goose Creek and State Route D.","On the afternoon of October 24, 2021, several tornadoes formed across northern Missouri. These tornadoes produced some isolated damage, but mostly remained over open territory. The most impactful tornado formed near Chillicothe, and went on to produce EF-2 damage in Purdin, Missouri. There were no reported injuries from these tornadoes despite the visible heavy damage in certain locations.",42
990006,CALDWELL CO.,MIRABILE,10/24/2021,1428,Tornado, ,EF1,0,0,10000,0,MO,CST-6, ,163989,C,25,EAX,0,0,NWS Employee, ,4.21,40,3,W,2,NNE,MIRABILE,10/24/2021,1433,39.6209,-94.2064,39.6427,-94.1326,"This tornado developed just east of Interstate 35 in Clinton County, MO. It quickly crossed into Caldwell County, MO where it damaged several trees and a few buildings. The tornado dissipated just east of Goose Creek and State Route D.","On the afternoon of October 24, 2021, several tornadoes formed across northern Missouri. These tornadoes produced some isolated damage, but mostly remained over open territory. The most impactful tornado formed near Chillicothe, and went on to produce EF-2 damage in Purdin, Missouri. There were no reported injuries from these tornadoes despite the visible heavy damage in certain locations.",43
991487,DAVIESS CO.,PATTONSBURG,10/24/2021,1436,Tornado, ,EF0,0,0,20000,0,MO,CST-6, ,163989,C,61,EAX,0,0,NWS Storm Survey, ,0.14,20,3,SW,3,SW,PATTONSBURG,10/24/2021,1437,40.0218,-94.1748,40.0233,-94.173,"A weak and brief tornado formed in Daviess County that destroyed an outbuilding at a residential farm in a rural area. NWS survey also indicated a grain bin caved in at the property.","On the afternoon of October 24, 2021, several tornadoes formed across northern Missouri. These tornadoes produced some isolated damage, but mostly remained over open territory. The most impactful tornado formed near Chillicothe, and went on to produce EF-2 damage in Purdin, Missouri. There were no reported injuries from these tornadoes despite the visible heavy damage in certain locations.",44
991488,LIVINGSTON CO.,SPRING HILL,10/24/2021,1516,Tornado, ,EF0,0,0,5000,0,MO,CST-6, ,163989,C,117,EAX,0,0,NWS Storm Survey, ,0.15,50,2,S,2,S,SPRING HILL,10/24/2021,1517,39.8385,-93.6487,39.8392,-93.6461,"On the storm survey of a larger tornado just downstream of this location a metal building was seen heavily damaged. It was determined to not be part of the path of the larger tornado downstream.","On the afternoon of October 24, 2021, several tornadoes formed across northern Missouri. These tornadoes produced some isolated damage, but mostly remained over open territory. The most impactful tornado formed near Chillicothe, and went on to produce EF-2 damage in Purdin, Missouri. There were no reported injuries from these tornadoes despite the visible heavy damage in certain locations.",45
991490,LIVINGSTON CO.,EVERSONVILLE,10/24/2021,1531,Tornado, ,EF1,0,0,0,0,MO,CST-6, ,163989,C,117,EAX,0,0,NWS Storm Survey, ,3.18,150,4,SW,3,S,EVERSONVILLE,10/24/2021,1540,39.8778,-93.4205,39.883,-93.361,"A large and long-tracked tornado formed just northeast of Chillicothe and proceeded into Linn County. The tornado stayed over mainly rural areas of Livingston County, but still impacted a few residences and outbuildings in the east central part of the county. This is the first section of the tornado that tracked into Linn County and impacted Purdin, Missouri.","On the afternoon of October 24, 2021, several tornadoes formed across northern Missouri. These tornadoes produced some isolated damage, but mostly remained over open territory. The most impactful tornado formed near Chillicothe, and went on to produce EF-2 damage in Purdin, Missouri. There were no reported injuries from these tornadoes despite the visible heavy damage in certain locations.",46
991502,LINN CO.,HECLA,10/24/2021,1540,Tornado, ,EF2,0,0,250000,0,MO,CST-6, ,163989,C,115,EAX,0,0,NWS Storm Survey, ,28.19,150,4,SSW,6,N,NEW BOSTON,10/24/2021,1618,39.883,-93.361,40.031,-92.865,"This is a continuation of the tornado that came out of Livingston County. The tornado continued across the entirety of Linn County. For the most part the tornado impacted mainly rural areas of the county, but the tornado did brush by the south side of Purdin, Missouri, causing EF-2 damage to residences near Highway 5. The tornado was well reported by chasers as it approached the northeast corner of Linn County. The tornado was reported dissipated as the storm crossed into Macon and Adair Counties. This was corroborated on the survey with the last damage point in the far northeast corner of Linn County.","On the afternoon of October 24, 2021, several tornadoes formed across northern Missouri. These tornadoes produced some isolated damage, but mostly remained over open territory. The most impactful tornado formed near Chillicothe, and went on to produce EF-2 damage in Purdin, Missouri. There were no reported injuries from these tornadoes despite the visible heavy damage in certain locations.",47
991506,PETTIS CO.,SEDALIA,10/24/2021,1554,Tornado, ,EF0,0,0,0,0,MO,CST-6, ,163989,C,159,EAX,0,0,NWS Storm Survey, ,0.47,10,2,S,2,SSE,SEDALIA,10/24/2021,1555,38.6651,-93.2226,38.6673,-93.2144,"Corn swirls were found by NWS survey crew just east of Highway 65, south of Sedalia.","On the afternoon of October 24, 2021, several tornadoes formed across northern Missouri. These tornadoes produced some isolated damage, but mostly remained over open territory. The most impactful tornado formed near Chillicothe, and went on to produce EF-2 damage in Purdin, Missouri. There were no reported injuries from these tornadoes despite the visible heavy damage in certain locations.",48
991508,PETTIS CO.,SEDALIA ARPT,10/24/2021,1559,Tornado, ,EF0,0,0,0,0,MO,CST-6, ,163989,C,159,EAX,0,0,Storm Chaser, ,1.22,10,0,SSE,1,E,SEDALIA ARPT,10/24/2021,1600,38.6954,-93.1778,38.6971,-93.1553,"A storm chaser reported a funnel cloud, with some debris being lifted off the surface, indicating a truncated tornado just east of Sedalia. The tornado only lasted a minute and other than leaf-litter caused little to no damage.","On the afternoon of October 24, 2021, several tornadoes formed across northern Missouri. These tornadoes produced some isolated damage, but mostly remained over open territory. The most impactful tornado formed near Chillicothe, and went on to produce EF-2 damage in Purdin, Missouri. There were no reported injuries from these tornadoes despite the visible heavy damage in certain locations.",49
984814,DENT CO.,GLADDEN,10/24/2021,1734,Tornado, ,EF1,0,0,225000,0,MO,CST-6, ,162582,C,65,SGF,0,0,NWS Storm Survey, ,8.16,400,1,ESE,1,SW,STONE HILL,10/24/2021,1746,37.49,-91.45,37.5875,-91.3659,"A National Weather Service storm survey confirmed that an EF-1 tornado with winds estimated at 100 mph began near Gladden, MO.  The tornado then caused some uplift to a portion of the roof on a house which resulted in the partial failure of an exterior wall near County Road 5510.  The tornado continued traveling towards the northeast, where it uprooted and snapped numerous trees before completely destroying a barn and small shed as it crossed over Highway N southeast of Turtle, MO.  Numerous additional trees were uprooted and snapped at their trunks as the tornado crossed County Road 5380 and continued into a heavily wooded area.","A low pressure system tracked across the Central Plains into the Midwest, a trailing dry line and cold front interacted with an unstable air mass in a highly sheared environment to spark strong to severe storms during the afternoon and evening of the 24th. Two EF-1 tornadoes were produced from the strongest storms that moved across Camden County near Richland and in Dent County near Gladden.",50
984813,CAMDEN CO.,WET GLAIZE,10/24/2021,1753,Tornado, ,EF1,0,0,80000,0,MO,CST-6, ,162582,C,29,SGF,0,0,NWS Storm Survey, ,2.17,100,7,ESE,5,ESE,WET GLAIZE,10/24/2021,1757,37.8961,-92.4145,37.889,-92.4533,"A National Weather Service storm survey determined that an EF-1 tornado with winds estimated at 90 mph touched down just northwest of Richland, Missouri. The tornado was on the ground for 4 minutes with a maximum path width of 100 yards and a track length of 2.1 miles. Along the path of the tornado, a roof was torn off of a home and a barn was also damaged.  Multiple trees were uprooted with several large tree limbs snapped off.","A low pressure system tracked across the Central Plains into the Midwest, a trailing dry line and cold front interacted with an unstable air mass in a highly sheared environment to spark strong to severe storms during the afternoon and evening of the 24th. Two EF-1 tornadoes were produced from the strongest storms that moved across Camden County near Richland and in Dent County near Gladden.",51
988871,REYNOLDS CO.,MONTEREY,10/24/2021,1843,Tornado, ,EF1,0,0,0,0,MO,CST-6, ,163802,C,179,LSX,0,0,NWS Storm Survey, ,1.17,100,3,SSE,3,SE,MONTEREY,10/24/2021,1846,37.5267,-90.8578,37.536,-90.84,"A tornado touched down just outside of Johnson`s Shut Ins State Park on highway N, east of Black, MO. This tornado snapped the trunks of several large trees along the road before moving into the park where it caused widespread tree damage. Overall, the tornado was rated EF1 with a path length of 1.17 miles and a max path width of 100 yards. No deaths or injuries reported.","Numerous severe thunderstorms formed ahead of an approaching cold front across southeast Missouri during the evening hours of Sunday, October 24th, 2021. As the storms moved northeastward, they moved into a moist, energy-rich environment with substantial wind shear in the low and mid-levels. They quickly intensified, remaining somewhat isolated as they moved through southeast Missouri and into southwest Illinois. The environment was very favorable for tornadic development, and these storms produced several tornadoes and wind damage as they moved through the area. Two storms produced tornadoes that remained on the ground for significant distances. The  tornado that moved through Fredericktown, MO, passing through Madison County into Perry County, was on the ground for 18.9 miles. Another tornado moved from St. Francois County through St. Genevieve County in Missouri into Randolph County in Illinois, staying on the ground for over 40 miles.",52
988873,ST. FRANCOIS CO.,SYENITE,10/24/2021,1923,Tornado, ,EF2,0,0,0,0,MO,CST-6, ,163802,C,187,LSX,0,0,NWS Storm Survey, ,6.89,450,2,NNW,4,N,LIBERTYVILLE,10/24/2021,1932,37.7049,-90.4095,37.753,-90.299,"The tornado began between Highway H and U.S. Highway 67 around 5.4 miles south-southeast of Farmington. The tornado crossed U.S. Highway 67 where it topped, snapped, and uprooted trees. The tornado traveled northeast paralleling a portion of Possum Hollow Road where tree damage was extensive with numerous snapped and uprooted trees. Several homes along this stretch were damaged, primarily due to fallen trees. The tornado then struck a farmstead near a bend in Possum Hollow Road where it completely destroyed two outbuildings. Neither of these structures were well-anchored and damage was rated at EF-1. The tornado continued to the northeast snapping and uprooting trees. A homeowner with 40 acres of land along Knob Lick Road estimated that 60-70% of the trees were destroyed. Extensive damage was found near the intersection of Knob Lick Road and Old Fredericktown Road. Three homes in this area lost all or large portions of their roof with one home also losing portions of several walls. This damage was rated EF-2. Damage from the homes, a destroyed garage, and trees was strewn hundreds of yards to the north. The path width of the tornado at this point was just over 400 yards. The tornado then crossed Highway OO where the width was around 450 yards. A home lost part of its roof, a barn was damaged, and numerous trees were snapped or uprooted along this stretch. All of this damage was rated at EF-1. The tornado crossed Smith Road destroying several barns and damaging a manufactured home, and then crossed Busiek Road damaging a small barn, several farm outbuildings and totally destroying a large well built farm outbuilding. Damage in this area was rated EF-1 or EF-2. The 400+ yard wide tornado crossed the St. Francois County/Ste. Genevieve County line just north of Green Acres Lane.","Numerous severe thunderstorms formed ahead of an approaching cold front across southeast Missouri during the evening hours of Sunday, October 24th, 2021. As the storms moved northeastward, they moved into a moist, energy-rich environment with substantial wind shear in the low and mid-levels. They quickly intensified, remaining somewhat isolated as they moved through southeast Missouri and into southwest Illinois. The environment was very favorable for tornadic development, and these storms produced several tornadoes and wind damage as they moved through the area. Two storms produced tornadoes that remained on the ground for significant distances. The  tornado that moved through Fredericktown, MO, passing through Madison County into Perry County, was on the ground for 18.9 miles. Another tornado moved from St. Francois County through St. Genevieve County in Missouri into Randolph County in Illinois, staying on the ground for over 40 miles.",53
988883,IRON CO.,MINIMUM,10/24/2021,1929,Tornado, ,EF1,0,0,0,0,MO,CST-6, ,163802,C,93,LSX,0,0,NWS Storm Survey, ,4.3,250,5,N,8,E,GROVER,10/24/2021,1936,37.449,-90.609,37.487,-90.547,"A tornado touched down on south side of County Road 124, 1.3 miles west intersection with Highway E, in southern Iron County. This tornado uprooted several trees and broke branches on numerous other trees before continuing into a field where it damaged a manufactured home. The tornado then moved into a densely wooded portion of Mark Twain National Forest where it uprooted or damaged many trees as it crossed from Iron County, about 8 miles east of Glover, into Madison County.  The tornado was rated EF1 with a path length of 4.35 miles and a max path width of 250 yards in Madison County. No deaths or injuries.","Numerous severe thunderstorms formed ahead of an approaching cold front across southeast Missouri during the evening hours of Sunday, October 24th, 2021. As the storms moved northeastward, they moved into a moist, energy-rich environment with substantial wind shear in the low and mid-levels. They quickly intensified, remaining somewhat isolated as they moved through southeast Missouri and into southwest Illinois. The environment was very favorable for tornadic development, and these storms produced several tornadoes and wind damage as they moved through the area. Two storms produced tornadoes that remained on the ground for significant distances. The  tornado that moved through Fredericktown, MO, passing through Madison County into Perry County, was on the ground for 18.9 miles. Another tornado moved from St. Francois County through St. Genevieve County in Missouri into Randolph County in Illinois, staying on the ground for over 40 miles.",54
988880,STE. GENEVIEVE CO.,AVON,10/24/2021,1932,Tornado, ,EF3,0,1,0,0,MO,CST-6, ,163802,C,186,LSX,0,0,NWS Storm Survey, ,9.85,450,4,W,3,NNE,CLEARWATER,10/24/2021,1949,37.753,-90.299,37.803,-90.13,"The 400+ yard wide tornado crossed the St. Francois County/Ste. Genevieve County line just north of Green Acres Lane. The tornado then traveled to the northeast crossing Route F multiple times as it traveled towards Coffman. Numerous trees were snapped or uprooted along this path, a number of farm outbuildings and barns were damaged or destroyed, and several homes suffered partial roof damage. The worst damage occurred to a home on Route AA just north of Route F. This home was completely destroyed. All of the walls were completely blown into the rear of the foundation and the roof was totally removed. Little anchoring was evident to the walls. One minor injury occurred to a male at the residence who found shelter in the pantry area. Tree damage in this area was some of the worst noted with every tree snapped or sheared supporting an EF-3 damage rating to the home. Another home on McDaniel Road just north of Route F sustained severe damage. The roof was completely removed and a large portion of the northeast walls were removed. Little if any anchoring of the walls was evident which supported an EF-2 damage rating. Numerous power poles and trees were snapped along Route F as the tornado traveled to the northeast into Coffman. Crown Valley Brewing and Distilling suffered minor damage, however the building on the north side of Route F was heavily damaged, rated at EF-1. A small building adjacent to the main Coffman Baptist Church was completely destroyed with debris blown into the main church building. There was no anchoring evident in this small building and damage was rated at EF-1. The tornado continued to the east-northeast crossing Madden Creek. The last detectable damage and thus end point was around 4 miles east-northeast of Coffman, southeast of Brands Lake near Goat Hill Trail. Overall, the tornado was rated EF3 with a path length of 16.74 miles and a max path width of 450 yards (St. Francois/Ste. Genevieve Counties).","Numerous severe thunderstorms formed ahead of an approaching cold front across southeast Missouri during the evening hours of Sunday, October 24th, 2021. As the storms moved northeastward, they moved into a moist, energy-rich environment with substantial wind shear in the low and mid-levels. They quickly intensified, remaining somewhat isolated as they moved through southeast Missouri and into southwest Illinois. The environment was very favorable for tornadic development, and these storms produced several tornadoes and wind damage as they moved through the area. Two storms produced tornadoes that remained on the ground for significant distances. The  tornado that moved through Fredericktown, MO, passing through Madison County into Perry County, was on the ground for 18.9 miles. Another tornado moved from St. Francois County through St. Genevieve County in Missouri into Randolph County in Illinois, staying on the ground for over 40 miles.",55
989897,MADISON CO.,SILVER MINE,10/24/2021,1936,Tornado, ,EFU,0,0,0,0,MO,CST-6, ,163802,C,123,LSX,0,0,NWS Storm Survey, ,5.93,50,6,SSW,4,SW,OAK GROVE,10/24/2021,1944,37.487,-90.547,37.525,-90.45,"The tornado crossed from Iron into Madison County, about 4.8 miles WSW of Braddy Ford, and continued moving to the northeast. The damage in western Madison County was extensive tree damage as seen on high resolution USGS satellite imagery. Shortly after lifting, around 1.7 miles north northeast of Braddy Ford, the storm that produced this tornado went on to produce the Fredericktown tornado. This portion of the tornado track is rated EFU because it was surveyed from satellite images. The path length is 5.93 miles with a max path width of 50 yards. Overall, the entire tornado (Iron/Madison Counties) was rated EF1 with a path length of 10.23 miles and a max path width of 250 yards. No deaths or injuries.","Numerous severe thunderstorms formed ahead of an approaching cold front across southeast Missouri during the evening hours of Sunday, October 24th, 2021. As the storms moved northeastward, they moved into a moist, energy-rich environment with substantial wind shear in the low and mid-levels. They quickly intensified, remaining somewhat isolated as they moved through southeast Missouri and into southwest Illinois. The environment was very favorable for tornadic development, and these storms produced several tornadoes and wind damage as they moved through the area. Two storms produced tornadoes that remained on the ground for significant distances. The  tornado that moved through Fredericktown, MO, passing through Madison County into Perry County, was on the ground for 18.9 miles. Another tornado moved from St. Francois County through St. Genevieve County in Missouri into Randolph County in Illinois, staying on the ground for over 40 miles.",56
988886,MADISON CO.,OAK GROVE,10/24/2021,1947,Tornado, ,EF3,0,1,0,0,MO,CST-6, ,163802,C,123,LSX,0,0,NWS Storm Survey, ,14.83,880,2,SSE,3,NNE,HIGDON,10/24/2021,2009,37.5425,-90.3921,37.634,-90.147,"The tornado touched down near the St. Francis River approximately 5.5 miles to the WSW of Fredericktown, MO, where it topped or snapped the trunks of several trees. The tornado continued to the northeast along the river and began impacting homes as it approached Fredericktown. Here the tornado ripped half of the roof off of one home, rolled a manufactured home onto its side, pulled roofing material from another home, and continued to cause considerable tree damage. The tornado widened to about 1/2 mile as it approached MO Highway 72 from the southwest, damaging multiple homes and businesses. A business on the south side of Highway 72 is where the only known injury took place, where an individual was hurt climbing out of the debris after the tornado had exited the area. The tornado strengthened as it moved north of Highway 72, completely destroying a number of homes. It was determined that the frames of these homes were largely only toe-nailed into their foundation, which precluded a higher rating than a low-end EF-3. The tornado then impacted the Black River Electric Co-op. Here the tornado ripped a well-built canopy from between two small warehouses, completely destroyed one of these small warehouses, and then completely destroyed a larger steel warehouse attached to the main office. The steel warehouse was very well constructed, with steel I-beams approximately 1 foot in width, bolted into the concrete foundation roughly every 20 feet. These beams spanned the roof of the structure and supported a thick, crimped sheet metal exterior. This is believed to be where the tornado reached peak intensity, with approximately 150 mph winds. The attached office fared notably better, sustaining mainly roof damage and the loss of several windows. The office was very well constructed, consisting of brick and concrete walls. The tornado then crossed US highway 67 and continued to cause considerable damage. Two newly built self-storage buildings with north facing bay doors were completely destroyed, while a third identical building with south facing doors was damaged, but remained standing. Two more homes were also impacted in this area. The roof was completely ripped from one of these homes, though most of the walls, which were bolted into the concrete foundation, were left standing. Only a few interior walls remained on the second home, though it appeared that the frame of this home was only toe-nailed into the foundation. The poor construction of the second home, and the lack of hurricane clips on the roof of the first, precluded a higher rating than EF-2 in this area. As the tornado continued northeast, it moved through additional residential areas, damaging several more homes and businesses. The tornado may have begun to weaken somewhat at this point, as the walls largely remained standing on most of these buildings. The tornado then began to move into more rural areas to the northeast of Fredericktown, where it caused consistent tree damage for several more miles, ripped most of the roof from one home, and completely destroyed a barn. The tornado may have briefly lifted as it moved into northeastern Madison County before coming back down and causing considerable tree damage along Madison county road 252. Along the Madison/Perry county line, where it moved into WFO Paducah's County Warning Area, the width was about 1/2 of a mile wide with numerous trees snapped and uprooted. The portion of the tornado path in Madison County was rated EF3 overall with a path length of 14.83 miles and a max path width of 880 yards. There was one injury and no deaths in Madison County. Overall, the tornado (Madison/Perry Counties) was rated EF3 with a path length of 18.95 miles and a max path width of 880 yards. There was one injury and no deaths with this tornado.","Numerous severe thunderstorms formed ahead of an approaching cold front across southeast Missouri during the evening hours of Sunday, October 24th, 2021. As the storms moved northeastward, they moved into a moist, energy-rich environment with substantial wind shear in the low and mid-levels. They quickly intensified, remaining somewhat isolated as they moved through southeast Missouri and into southwest Illinois. The environment was very favorable for tornadic development, and these storms produced several tornadoes and wind damage as they moved through the area. Two storms produced tornadoes that remained on the ground for significant distances. The  tornado that moved through Fredericktown, MO, passing through Madison County into Perry County, was on the ground for 18.9 miles. Another tornado moved from St. Francois County through St. Genevieve County in Missouri into Randolph County in Illinois, staying on the ground for over 40 miles.",57
1007859,STE. GENEVIEVE CO.,ST MARYS,10/24/2021,2002,Tornado, ,EF2,0,0,0,0,MO,CST-6, ,163802,C,186,LSX,0,0,NWS Storm Survey, ,2.44,400,2,WSW,1,NE,ST MARYS,10/24/2021,2006,37.858,-89.98,37.8773,-89.9425,"The next tornado from this supercell began around 2 miles southwest of St. Mary between State Route Z and Saline Creek. The tornado destroyed several farm outbuildings shortly after touching down and also further northeast on St. Marys Church Road. Numerous trees were uprooted or snapped in St. Mary along with damage to 28 homes. The worst damage in St. Mary occurred along Church Street where one home lost its entire roof, and the roof was removed from a large portion of the St. Mary Antique Mall. This damage was rated EF-2. The tornado continued to the northeast moving through the flood plain and crossed the Mississippi River into Illinois just north of the Menard Correctional Center.","Numerous severe thunderstorms formed ahead of an approaching cold front across southeast Missouri during the evening hours of Sunday, October 24th, 2021. As the storms moved northeastward, they moved into a moist, energy-rich environment with substantial wind shear in the low and mid-levels. They quickly intensified, remaining somewhat isolated as they moved through southeast Missouri and into southwest Illinois. The environment was very favorable for tornadic development, and these storms produced several tornadoes and wind damage as they moved through the area. Two storms produced tornadoes that remained on the ground for significant distances. The  tornado that moved through Fredericktown, MO, passing through Madison County into Perry County, was on the ground for 18.9 miles. Another tornado moved from St. Francois County through St. Genevieve County in Missouri into Randolph County in Illinois, staying on the ground for over 40 miles.",58
984610,PERRY CO.,BARKS,10/24/2021,2009,Tornado, ,EF2,0,0,200000,0,MO,CST-6, ,163066,C,157,PAH,0,0,NWS Storm Survey, ,4.01,880,5,SW,2,S,BARKS,10/24/2021,2015,37.634,-90.147,37.651,-90.077,"This long-track tornado crossed into southwest Perry County from Madison County. Along the Madison/Perry county line, the width was about half of a mile wide, with numerous trees snapped and uprooted. The tornado then moved nearly parallel to County Road 738. Here several houses and a hunting lodge sustained minor damage, mainly to roofs and posts of a porch. One barn and a small shed were destroyed, along with numerous  uprooted and snapped trees. The tornado continued on to produce tree damage on Highway 730, where it was only a few hundred yards wide and dissipated shortly thereafter. Peak winds in the Perry County portion of the path were near 112 mph, putting it barely into the EF-2 category. However, the tornado peaked at EF-3 intensity earlier in its life cycle.","The severe weather episode began as a series of supercells and transitioned to a squall line. A supercell thunderstorm produced a strong long-track tornado across southeast Missouri that ended in southwest Perry County. A short EF-1 tornado associated with a squall line struck southern Perry County shortly thereafter. A longer track EF-1 tornado also impacted eastern Wayne County into southern Bollinger County. The storms preceded a strong cold front that trailed south-southwest from a low pressure center over west central Illinois. Dew points ahead of the front were in the lower to mid 60's. Instability was strong enough to support severe storms, given that wind shear was quite strong. Mixed-layer capes were around 1000 j/kg.",59
984609,PERRY CO.,YOUNT,10/24/2021,2042,Tornado, ,EF1,0,0,10000,0,MO,CST-6, ,163066,C,157,PAH,0,0,NWS Storm Survey, ,2.3,25,1,SW,2,E,YOUNT,10/24/2021,2045,37.61,-90.06,37.62,-90.02,"This short-lived tornado occurred in sparsely populated country near the tiny community of Yount. The tornado crossed Highway J three times, snapping and uprooting trees along its path.","The severe weather episode began as a series of supercells and transitioned to a squall line. A supercell thunderstorm produced a strong long-track tornado across southeast Missouri that ended in southwest Perry County. A short EF-1 tornado associated with a squall line struck southern Perry County shortly thereafter. A longer track EF-1 tornado also impacted eastern Wayne County into southern Bollinger County. The storms preceded a strong cold front that trailed south-southwest from a low pressure center over west central Illinois. Dew points ahead of the front were in the lower to mid 60's. Instability was strong enough to support severe storms, given that wind shear was quite strong. Mixed-layer capes were around 1000 j/kg.",60
984604,WAYNE CO.,SHOOK,10/24/2021,2204,Tornado, ,EF1,0,0,20000,0,MO,CST-6, ,163066,C,223,PAH,0,0,NWS Storm Survey, ,4.73,400,3,N,3,NW,MC GEE,10/24/2021,2208,37.0968,-90.32,37.1081,-90.2353,"This tornado touched down in the heavily forested county of Wayne, just a few miles north of the community of Shook. Numerous trees were uprooted and snapped. The tornado passed mainly through wooded country during the Wayne County portion of its path. The tornado then crossed into Bollinger County.","The severe weather episode began as a series of supercells and transitioned to a squall line. A supercell thunderstorm produced a strong long-track tornado across southeast Missouri that ended in southwest Perry County. A short EF-1 tornado associated with a squall line struck southern Perry County shortly thereafter. A longer track EF-1 tornado also impacted eastern Wayne County into southern Bollinger County. The storms preceded a strong cold front that trailed south-southwest from a low pressure center over west central Illinois. Dew points ahead of the front were in the lower to mid 60's. Instability was strong enough to support severe storms, given that wind shear was quite strong. Mixed-layer capes were around 1000 j/kg.",61
984605,BOLLINGER CO.,GIPSY,10/24/2021,2208,Tornado, ,EF1,0,0,400000,0,MO,CST-6, ,163066,C,17,PAH,0,0,NWS Storm Survey, ,19.76,400,5,SW,2,ENE,GLENNON,10/24/2021,2230,37.1081,-90.2353,37.21,-89.9,"The tornado crossed into Bollinger County from Wayne County. The tornado directly affected the community of Zalma, where the school gymnasium roof was damaged. Air conditioning units were blown off the school roof. The top half of a two-story barn was destroyed. There was roof damage to a chicken house. Otherwise, the majority of the path was through densely wooded farm country, where numerous trees were uprooted or snapped. Peak winds were estimated near 105 mph.","The severe weather episode began as a series of supercells and transitioned to a squall line. A supercell thunderstorm produced a strong long-track tornado across southeast Missouri that ended in southwest Perry County. A short EF-1 tornado associated with a squall line struck southern Perry County shortly thereafter. A longer track EF-1 tornado also impacted eastern Wayne County into southern Bollinger County. The storms preceded a strong cold front that trailed south-southwest from a low pressure center over west central Illinois. Dew points ahead of the front were in the lower to mid 60's. Instability was strong enough to support severe storms, given that wind shear was quite strong. Mixed-layer capes were around 1000 j/kg.",62
998675,CHRISTIAN CO.,SELMORE,12/05/2021,2202,Tornado, ,EF1,0,0,150000,0,MO,CST-6, ,164354,C,43,SGF,0,0,NWS Storm Survey, ,3.43,100,2,SW,2,NW,CHRISTIAN CENTER,12/05/2021,2207,36.951,-93.253,36.948,-93.191,"A National Weather Service storm survey determined that an EF-1 tornado touched down northeast of Highlandville, MO during the late evening of December 5th. A pool house was blown off its foundation, several outbuildings were heavily damaged, and numerous trees were uprooted along the tornado's nearly 3.5 mile path. The maximum estimated winds with the tornado reached 100mph and had a damage path up to 100 yards wide.","Strong to severe storms formed along and south of Interstate 44 during the evening of the 5th, as a southeastward moving cold front interacted with an unusually unstable airmass over the region. Sufficient vertical wind shear was also present, leading to the development of supercells embedded within a line of storms from northeast Oklahoma eastward into northern Arkansas and southern Missouri. Reports of up to golf ball size hail were received near Table Rock Lake. One EF-1 tornado developed near Highlandville in Christian County, and caused damage to trees and outbuildings.",63
998672,WEBSTER CO.,SUSANNA,12/10/2021,1813,Tornado, ,EF1,0,0,250000,0,MO,CST-6, ,164477,C,225,SGF,0,0,NWS Storm Survey, ,3.77,75,2,SSW,2,E,SUSANNA,12/10/2021,1818,37.345,-92.75,37.37,-92.689,"A National Weather Service storm survey concluded that an EF-1 tornado with maximum winds of 90 mph touched down southeast of Niangua and travelled northeast for just over 6 miles into Wright County before lifting a few miles west-southwest of Grovespring. This tornado damaged or destroyed numerous outbuildings, snapped or uprooted numerous trees, caused minor damage to a few homes as well as flipping an RV camper as it moved across western Webster County before entering Wright County east of State Highway AC and South of State highway M.","The Ozarks were on the western edge of a severe thunderstorm and tornado outbreak that occurred from the evening of the 10th to the early morning of the 11th. A very unstable and highly sheared airmass interacted with a strong cold front and upper level disturbance to spark the widespread storm activity. According to the NWS Storm Prediction Center, 121 tornadoes occurred from southwest Missouri eastward into northeast Arkansas, Kentucky, Tennessee, and Illinois.  Three tornadoes, each rated EF-1, occurred near West Branson, Walnut Shade and Niangua. In addition, there were over 30 reports of damaging wind gusts over 60 mph, and several reports with hail up to golf ball size. Due to the fast movement of the storms, rainfall accumulations were generally one half inch or less.",64
998673,WRIGHT CO.,GROVESPRING,12/10/2021,1818,Tornado, ,EF1,0,0,100000,0,MO,CST-6, ,164477,C,229,SGF,0,0,NWS Storm Survey, ,2.57,75,4,WSW,2,WSW,GROVESPRING,12/10/2021,1823,37.37,-92.689,37.388,-92.648,"This is the continuation of the storm survey of the EF-1 tornado touched down southeast of Niangua in Webster County and travelled northeast for just over 6 miles into Wright County before lifting a few miles west-southwest of Grovespring. In Wright County the tornado snapped or uprooted numerous trees and caused minor damage a home.","The Ozarks were on the western edge of a severe thunderstorm and tornado outbreak that occurred from the evening of the 10th to the early morning of the 11th. A very unstable and highly sheared airmass interacted with a strong cold front and upper level disturbance to spark the widespread storm activity. According to the NWS Storm Prediction Center, 121 tornadoes occurred from southwest Missouri eastward into northeast Arkansas, Kentucky, Tennessee, and Illinois.  Three tornadoes, each rated EF-1, occurred near West Branson, Walnut Shade and Niangua. In addition, there were over 30 reports of damaging wind gusts over 60 mph, and several reports with hail up to golf ball size. Due to the fast movement of the storms, rainfall accumulations were generally one half inch or less.",65
996401,MONTGOMERY CO.,WELLSVILLE,12/10/2021,1855,Tornado, ,EF0,0,0,25000,0,MO,CST-6, ,164745,C,139,LSX,0,0,NWS Storm Survey, ,4.27,50,1,SW,4,ENE,WELLSVILLE,12/10/2021,1900,39.0749,-91.5897,39.1041,-91.5195,"A weak tornado touched down just northwest of Wellsville east of Highway 19 where it broke several power poles. It then moved northeast toward the intersection of Morgan School Road and Route A and traveled northeast to Orchard Road. Minor tree damage and flattened corn was observed. The width of the tornado was around 50 yards, and the damage was rated EF-0. Interestingly, the WSR-88D identified debris (lowering correlation coefficient), likely from the lofted corn stalks. Overall, the tornado was rated EF0 with a path length of 4.27miles and max path width of 50 yards. No deaths or injuries were reported.","Numerous severe thunderstorms formed ahead of an approaching cold front during the late afternoon and evening of Friday December 10th, 2021.  Large hail, damaging winds and five tornadoes occurred across central and eastern Missouri as well as south central Illinois.  Unfortunately two of the tornadoes were very strong (rated EF-3 on the Enhanced Fujita Scale) and responsible for 7 fatalities (one near Defiance, Missouri and six at an Amazon Facility near Edwardsville, Illinois). The Defiance, MO tornado tracked within one mile of the NWS St. Louis office in the Missouri Research Park near Weldon Spring, MO leading to the staff sheltering while NWS Kansas City provided service backup.  This is only the third time in the office's existence that the staff had to shelter. The damage from the Defiance, MO EF3 tornado was estimated at $684,186 and is unknown for the remaining tracks at this time but early estimates are well into the millions due to the damage sustained at the Amazon facility near Edwardsville, IL.",66
996971,ST. CHARLES CO.,FEMME OSAGE,12/10/2021,1932,Tornado, ,EF3,1,2,3400000,0,MO,CST-6, ,164745,C,183,LSX,0,0,NWS Storm Survey, ,16.08,150,3,SSW,2,S,WELDON,12/10/2021,1951,38.5821,-90.9455,38.675,-90.676,"The tornado developed about a third of a mile northeast of the intersection of Highway 94 and Osage Ridge Road in southwestern St. Charles County around 7:32 PM CDT. As it moved to the northeast, two houses sustained minor damage and one outbuilding was destroyed on Highway T, just north of intersection with Hemsath Road. The tornado continued northeast and strengthened as it approached Highway F, northwest of Defiance. Multiple homesteads and farms suffered varying degrees of property damage along Highway F to Highway 94. Two homes were completely destroyed. The first home was 110 years old and did not appear to have any anchoring to the concrete foundation. The second home just 100 yards east of the first was swept clean to the subfloor, which was still anchored to the concrete foundation. One fatality and two injuries occurred at this location. The damage was rated EF3 with winds to 165 mph. The tornado continued northeast, crossing the Missouri River and Howell Island before entering St. Louis County in Chesterfield Valley. Dollar amount damage is estimated around $3.4 million.","Numerous severe thunderstorms formed ahead of an approaching cold front during the late afternoon and evening of Friday December 10th, 2021.  Large hail, damaging winds and five tornadoes occurred across central and eastern Missouri as well as south central Illinois.  Unfortunately two of the tornadoes were very strong (rated EF-3 on the Enhanced Fujita Scale) and responsible for 7 fatalities (one near Defiance, Missouri and six at an Amazon Facility near Edwardsville, Illinois). The Defiance, MO tornado tracked within one mile of the NWS St. Louis office in the Missouri Research Park near Weldon Spring, MO leading to the staff sheltering while NWS Kansas City provided service backup.  This is only the third time in the office's existence that the staff had to shelter. The damage from the Defiance, MO EF3 tornado was estimated at $684,186 and is unknown for the remaining tracks at this time but early estimates are well into the millions due to the damage sustained at the Amazon facility near Edwardsville, IL.",67
998671,STONE CO.,REEDS SPG,12/10/2021,1937,Tornado, ,EF1,0,0,500000,0,MO,CST-6, ,164477,C,209,SGF,0,0,NWS Storm Survey, ,0.62,75,3,S,3,S,REEDS SPG,12/10/2021,1940,36.708,-93.387,36.712,-93.377,"A National Weather Service storm survey determined that a short lived EF-1 tornado impacted areas near Branson West. The EF-1 tornado had estimated maximum winds of 90 mph along it nearly three quarters of a mile path with a maximum damage path width of 75 yards. Along the tornadoes path damage occurred to roofs and siding of 20 homes. Additionally, multiple trees and power lines were downed.","The Ozarks were on the western edge of a severe thunderstorm and tornado outbreak that occurred from the evening of the 10th to the early morning of the 11th. A very unstable and highly sheared airmass interacted with a strong cold front and upper level disturbance to spark the widespread storm activity. According to the NWS Storm Prediction Center, 121 tornadoes occurred from southwest Missouri eastward into northeast Arkansas, Kentucky, Tennessee, and Illinois.  Three tornadoes, each rated EF-1, occurred near West Branson, Walnut Shade and Niangua. In addition, there were over 30 reports of damaging wind gusts over 60 mph, and several reports with hail up to golf ball size. Due to the fast movement of the storms, rainfall accumulations were generally one half inch or less.",68
997129,DUNKLIN CO.,HORNERSVILLE MEM ARP,12/10/2021,1937,Tornado, ,EF3,0,0,1500000,0,MO,CST-6, ,165020,C,69,MEG,0,0,NWS Storm Survey, ,11.54,1800,2,SSE,3,SSE,GIBBONS,12/10/2021,1950,35.998,-90.137,36.084,-89.96,"The tornado crossed from Mississippi County, Arkansas into Dunklin County, Missouri near the Little River area south of Hornersville, near the Arkansas/Missouri state line.  Several homes and mobile homes were heavily damaged or destroyed along State Line Road. Several vehicles and a boat were tossed or overturned. Additional debarking of trees was noted. After exiting the Little River area, the tornado damaged six metal electric transmission line towers. Five of the towers had their top sections collapse, and one tower completely collapsed. Several center pivot irrigation systems were overturned. The tornado then crossed into Pemiscot County, Missouri. Peak winds in Dunklin County were estimated at 140 mph.","December 10, 2021, was unseasonably warm over the region. Temperatures broke several long-standing records. Memphis hit 80��F which broke a 103-year-old high-temperature record. ||A strong upper-level trough was approaching from the west, providing strong lift within the unseasonably warm and unstable air mass.  MLCAPE reached the 1500-2000 J/kg range by 6 PM. The wind field was impressive with plenty of vertical wind shear needed for organized thunderstorms. Effective 0-1 km storm-relative helicity values ranged from 300-400 m2/s2 with effective bulk shear values of 70 knots - more than sufficient to support discrete supercells in the warm sector ahead of the cold front.||The first supercell developed in central Arkansas and tracked into northeast Arkansas producing a few weak tornadoes initially before intensifying across eastern Craighead and Mississippi Counties and killing two people. The tornado eventually strengthened into an EF-4 while moving through the Missouri Bootheel, resulting in 2 direct and one indirect fatality in Pemiscot County. The tornado then tracked across the Mississippi River into northwest Tennessee, producing an additional 4 fatalities near Reelfoot Lake. This tornado lifted for a brief time in Obion County, reorganized, and then moved into Kentucky. All told, the mesocyclone tracked for over 300 miles and was producing tornadoes for over 250 miles. This storm was responsible for at least 9 fatalities and many injuries in the NWS Memphis CWA along with millions of dollars of damage. ||As the initial supercell was crossing the state line into Kentucky, a string of supercells was moving into eastern Arkansas. A few brief tornadoes produced minor damage near Cash in western Craighead County and in the Fisher area of western Poinsett County. As the dominant supercell moved into eastern Poinsett County, the mesocyclone quickly intensified and the storm produced an EF-2 tornado in Trumann with several injuries and widespread damage. ||A new supercell developed in Mississippi County causing straight-line wind damage initially. This supercell intensified as it crossed the Mississippi River and produced another long-track tornado starting in Dyer County,  Tennessee. This tornado tracked east-northeast across northwest Tennessee into Henry County, and eventually into Kentucky. This tornado was rated EF-3 and resulted in several injuries with Kenton and Dresden, Tennessee being the hardest hit. ||The convection eventually evolved into a QLCS as it moved east. A mesovortex developed south of I-40 near Jackson that resulted in 3 tornadoes across eastern Madison, Henderson, and Decatur Counties including an EF-2. Non-tornadic storms moved across the Memphis metropolitan area, producing straight-line wind damage as a mesovortex moved through the city. A fatality was reported in Shelby County after a large tree fell on a home in South Memphis. Later that night, an EF-1 tornado occurred in Prentiss County before the severe weather threat began to wind down around 6 AM on December 11, 2021. ||In total, there were 18 tornadoes across the NWS Memphis CWA.  Along with tornadoes, several incidents of wind damage and minor flash flooding also occurred.",69
998674,TANEY CO.,WALNUT SHADE,12/10/2021,1949,Tornado, ,EF1,0,0,120000,0,MO,CST-6, ,164477,C,213,SGF,0,0,NWS Storm Survey, ,1.57,100,3,NNW,3,N,WALNUT SHADE,12/10/2021,1952,36.761,-93.224,36.77,-93.198,"A National Weather Service storm survey conducted with the county Emergency Manager concluded that an EF-1 tornado with maximum winds of 92 mph and a path width of 100 yards traveled for just over a mile and a half. The tornado touched down just west of Highway 65 north of Walnut Grove. Along the tornadoes path numerous trees and some power lines were downed and multiple outbuilding were significantly damaged or destroyed.","The Ozarks were on the western edge of a severe thunderstorm and tornado outbreak that occurred from the evening of the 10th to the early morning of the 11th. A very unstable and highly sheared airmass interacted with a strong cold front and upper level disturbance to spark the widespread storm activity. According to the NWS Storm Prediction Center, 121 tornadoes occurred from southwest Missouri eastward into northeast Arkansas, Kentucky, Tennessee, and Illinois.  Three tornadoes, each rated EF-1, occurred near West Branson, Walnut Shade and Niangua. In addition, there were over 30 reports of damaging wind gusts over 60 mph, and several reports with hail up to golf ball size. Due to the fast movement of the storms, rainfall accumulations were generally one half inch or less.",70
997130,PEMISCOT CO.,SAMFORD,12/10/2021,1950,Tornado, ,EF4,2,9,1250000,0,MO,CST-6, ,165020,C,155,MEG,2,1,NWS Storm Survey, ,17.79,1800,2,W,2,ENE,HAYTI ARPT,12/10/2021,2010,36.084,-89.96,36.226,-89.694,"The tornado seemed to reach its peak intensity as it moved into Pemiscot County, Missouri from Dunklin County, Missouri. A home along County Road 454 was substantially damaged. Further northeast, near Highway J and County Road 407, two homes were completely destroyed with debris carried off to the northeast. A fatality occurred in one of these homes. Several vehicles, including semi-tractor-trailers, were blown off of the road as the tornado crossed Interstates 55 and 155, resulting in another fatality. An indirect fatality occurred when a vehicle struck a downed utility pole. Aerial and satellite imagery showed ground scouring marks in this area across the Mississippi River. The tornado then moved into Lake County, Tennessee. Peak winds in Pemiscot County were estimated at 170 mph.","December 10, 2021, was unseasonably warm over the region. Temperatures broke several long-standing records. Memphis hit 80��F which broke a 103-year-old high-temperature record. ||A strong upper-level trough was approaching from the west, providing strong lift within the unseasonably warm and unstable air mass.  MLCAPE reached the 1500-2000 J/kg range by 6 PM. The wind field was impressive with plenty of vertical wind shear needed for organized thunderstorms. Effective 0-1 km storm-relative helicity values ranged from 300-400 m2/s2 with effective bulk shear values of 70 knots - more than sufficient to support discrete supercells in the warm sector ahead of the cold front.||The first supercell developed in central Arkansas and tracked into northeast Arkansas producing a few weak tornadoes initially before intensifying across eastern Craighead and Mississippi Counties and killing two people. The tornado eventually strengthened into an EF-4 while moving through the Missouri Bootheel, resulting in 2 direct and one indirect fatality in Pemiscot County. The tornado then tracked across the Mississippi River into northwest Tennessee, producing an additional 4 fatalities near Reelfoot Lake. This tornado lifted for a brief time in Obion County, reorganized, and then moved into Kentucky. All told, the mesocyclone tracked for over 300 miles and was producing tornadoes for over 250 miles. This storm was responsible for at least 9 fatalities and many injuries in the NWS Memphis CWA along with millions of dollars of damage. ||As the initial supercell was crossing the state line into Kentucky, a string of supercells was moving into eastern Arkansas. A few brief tornadoes produced minor damage near Cash in western Craighead County and in the Fisher area of western Poinsett County. As the dominant supercell moved into eastern Poinsett County, the mesocyclone quickly intensified and the storm produced an EF-2 tornado in Trumann with several injuries and widespread damage. ||A new supercell developed in Mississippi County causing straight-line wind damage initially. This supercell intensified as it crossed the Mississippi River and produced another long-track tornado starting in Dyer County,  Tennessee. This tornado tracked east-northeast across northwest Tennessee into Henry County, and eventually into Kentucky. This tornado was rated EF-3 and resulted in several injuries with Kenton and Dresden, Tennessee being the hardest hit. ||The convection eventually evolved into a QLCS as it moved east. A mesovortex developed south of I-40 near Jackson that resulted in 3 tornadoes across eastern Madison, Henderson, and Decatur Counties including an EF-2. Non-tornadic storms moved across the Memphis metropolitan area, producing straight-line wind damage as a mesovortex moved through the city. A fatality was reported in Shelby County after a large tree fell on a home in South Memphis. Later that night, an EF-1 tornado occurred in Prentiss County before the severe weather threat began to wind down around 6 AM on December 11, 2021. ||In total, there were 18 tornadoes across the NWS Memphis CWA.  Along with tornadoes, several incidents of wind damage and minor flash flooding also occurred.",71
996984,ST. LOUIS CO.,(SUS)SPIRIT/ST LOUIS,12/10/2021,1951,Tornado, ,EF1,0,0,0,0,MO,CST-6, ,164745,C,189,LSX,0,0,NWS Storm Survey, ,2.42,50,1,WNW,2,NNE,(SUS)SPIRIT/ST LOUIS,12/10/2021,1953,38.675,-90.676,38.691,-90.636,"After crossing into St. Louis County the tornado caused extensive tree damage along the river, a mere half mile from a large outlet mall. It crossed Highway 40/61/Interstate 64 east of the Boone Bridge causing minor damage to vehicles that were on the highway. The tornado continued northeast, crossing the Missouri River again, back into St. Charles County near Greens Bottom Road.","Numerous severe thunderstorms formed ahead of an approaching cold front during the late afternoon and evening of Friday December 10th, 2021.  Large hail, damaging winds and five tornadoes occurred across central and eastern Missouri as well as south central Illinois.  Unfortunately two of the tornadoes were very strong (rated EF-3 on the Enhanced Fujita Scale) and responsible for 7 fatalities (one near Defiance, Missouri and six at an Amazon Facility near Edwardsville, Illinois). The Defiance, MO tornado tracked within one mile of the NWS St. Louis office in the Missouri Research Park near Weldon Spring, MO leading to the staff sheltering while NWS Kansas City provided service backup.  This is only the third time in the office's existence that the staff had to shelter. The damage from the Defiance, MO EF3 tornado was estimated at $684,186 and is unknown for the remaining tracks at this time but early estimates are well into the millions due to the damage sustained at the Amazon facility near Edwardsville, IL.",72
996987,ST. CHARLES CO.,WELDON,12/10/2021,1953,Tornado, ,EF1,0,0,0,0,MO,CST-6, ,164745,C,183,LSX,0,0,NWS Storm Survey, ,6.06,50,2,ESE,3,ESE,HARVESTER,12/10/2021,1958,38.691,-90.636,38.728,-90.534,"After crossing back into St. Charles County there was additional tree damage, broken power poles, and structural damage noted along Greens Bottom Road. The tornado crossed the Missouri River a third and final time, back into St. Louis County traveling across Highway 364 and north of the Creve Coeur Airport.","Numerous severe thunderstorms formed ahead of an approaching cold front during the late afternoon and evening of Friday December 10th, 2021.  Large hail, damaging winds and five tornadoes occurred across central and eastern Missouri as well as south central Illinois.  Unfortunately two of the tornadoes were very strong (rated EF-3 on the Enhanced Fujita Scale) and responsible for 7 fatalities (one near Defiance, Missouri and six at an Amazon Facility near Edwardsville, Illinois). The Defiance, MO tornado tracked within one mile of the NWS St. Louis office in the Missouri Research Park near Weldon Spring, MO leading to the staff sheltering while NWS Kansas City provided service backup.  This is only the third time in the office's existence that the staff had to shelter. The damage from the Defiance, MO EF3 tornado was estimated at $684,186 and is unknown for the remaining tracks at this time but early estimates are well into the millions due to the damage sustained at the Amazon facility near Edwardsville, IL.",73
996990,ST. LOUIS CO.,ST LOUIS CREVE COEUR,12/10/2021,1958,Tornado, ,EF0,0,0,0,0,MO,CST-6, ,164745,C,189,LSX,0,0,NWS Storm Survey, ,2.74,50,1,W,1,NW,VIGUS,12/10/2021,2001,38.728,-90.534,38.743,-90.487,"Once back in St. Louis County, there was additional tree damage and other minor damage noted. The tornado lifted at 8:01 PM before entering the Hollywood Casino Amphitheatre Complex. Overall, the entire tornado (St. Charles/St. Louis counties) was rated EF3 with a path length of 27.30 miles and a max path width of 150 yards. There was one death and two injuries with this tornado. Dollar amount damage is estimated around $3.4 million in St. Charles County.","Numerous severe thunderstorms formed ahead of an approaching cold front during the late afternoon and evening of Friday December 10th, 2021.  Large hail, damaging winds and five tornadoes occurred across central and eastern Missouri as well as south central Illinois.  Unfortunately two of the tornadoes were very strong (rated EF-3 on the Enhanced Fujita Scale) and responsible for 7 fatalities (one near Defiance, Missouri and six at an Amazon Facility near Edwardsville, Illinois). The Defiance, MO tornado tracked within one mile of the NWS St. Louis office in the Missouri Research Park near Weldon Spring, MO leading to the staff sheltering while NWS Kansas City provided service backup.  This is only the third time in the office's existence that the staff had to shelter. The damage from the Defiance, MO EF3 tornado was estimated at $684,186 and is unknown for the remaining tracks at this time but early estimates are well into the millions due to the damage sustained at the Amazon facility near Edwardsville, IL.",74
997132,PEMISCOT CO.,GAYOSO,12/10/2021,2013,Tornado, ,EF2,0,0,0,0,MO,CST-6, ,165020,C,155,MEG,0,0,NWS Storm Survey, ,4.74,1800,4,E,7,SSE,STEWART,12/10/2021,2018,36.25,-89.644,36.284,-89.57,"The tornado tracked along the oxbows of the Mississippi River between Pemiscot County, Missouri, and Lake County, Tennessee. Aerial and satellite imagery showed ground scouring marks in this area across the Mississippi River.","December 10, 2021, was unseasonably warm over the region. Temperatures broke several long-standing records. Memphis hit 80��F which broke a 103-year-old high-temperature record. ||A strong upper-level trough was approaching from the west, providing strong lift within the unseasonably warm and unstable air mass.  MLCAPE reached the 1500-2000 J/kg range by 6 PM. The wind field was impressive with plenty of vertical wind shear needed for organized thunderstorms. Effective 0-1 km storm-relative helicity values ranged from 300-400 m2/s2 with effective bulk shear values of 70 knots - more than sufficient to support discrete supercells in the warm sector ahead of the cold front.||The first supercell developed in central Arkansas and tracked into northeast Arkansas producing a few weak tornadoes initially before intensifying across eastern Craighead and Mississippi Counties and killing two people. The tornado eventually strengthened into an EF-4 while moving through the Missouri Bootheel, resulting in 2 direct and one indirect fatality in Pemiscot County. The tornado then tracked across the Mississippi River into northwest Tennessee, producing an additional 4 fatalities near Reelfoot Lake. This tornado lifted for a brief time in Obion County, reorganized, and then moved into Kentucky. All told, the mesocyclone tracked for over 300 miles and was producing tornadoes for over 250 miles. This storm was responsible for at least 9 fatalities and many injuries in the NWS Memphis CWA along with millions of dollars of damage. ||As the initial supercell was crossing the state line into Kentucky, a string of supercells was moving into eastern Arkansas. A few brief tornadoes produced minor damage near Cash in western Craighead County and in the Fisher area of western Poinsett County. As the dominant supercell moved into eastern Poinsett County, the mesocyclone quickly intensified and the storm produced an EF-2 tornado in Trumann with several injuries and widespread damage. ||A new supercell developed in Mississippi County causing straight-line wind damage initially. This supercell intensified as it crossed the Mississippi River and produced another long-track tornado starting in Dyer County,  Tennessee. This tornado tracked east-northeast across northwest Tennessee into Henry County, and eventually into Kentucky. This tornado was rated EF-3 and resulted in several injuries with Kenton and Dresden, Tennessee being the hardest hit. ||The convection eventually evolved into a QLCS as it moved east. A mesovortex developed south of I-40 near Jackson that resulted in 3 tornadoes across eastern Madison, Henderson, and Decatur Counties including an EF-2. Non-tornadic storms moved across the Memphis metropolitan area, producing straight-line wind damage as a mesovortex moved through the city. A fatality was reported in Shelby County after a large tree fell on a home in South Memphis. Later that night, an EF-1 tornado occurred in Prentiss County before the severe weather threat began to wind down around 6 AM on December 11, 2021. ||In total, there were 18 tornadoes across the NWS Memphis CWA.  Along with tornadoes, several incidents of wind damage and minor flash flooding also occurred.",75
996683,REYNOLDS CO.,REDFORD,12/10/2021,2205,Tornado, ,EF2,0,0,0,0,MO,CST-6, ,164745,C,179,LSX,0,0,NWS Storm Survey, ,6.86,300,4,SSE,9,ESE,REDFORD,12/10/2021,2211,37.272,-90.887,37.302,-90.768,"A tornado touched down around 10:05 PM CST to the northeast of Ellington, southwest of County Road 440, snapping numerous trees rated EF1 damage. The tornado proceeded east- northeast across Sinking Creek and damaged a house and single-wide trailer along County Road 428, as well as continuing to snap numerous trees. As the tornado continued east-northeast and crossed County Road 447, it intensified to an EF2 and completely tore off the roofs of two homes off of County Road 442 and County Road 442B. The home off of County Road 442B was where the most significant damage was observed, as it also lost an exterior wall. Two outbuildings were also destroyed by the tornado, and significant tree damage was observed. The tornado crossed the Black River and weakened, though it still caused EF1 damage to trees and power lines on County Road 456, where it lifted around 10:11 PM CST. Overall, the tornado was rated EF2 with a path length of 6.86 miles and max path width of 300 yards. No deaths or injuries were reported.","Numerous severe thunderstorms formed ahead of an approaching cold front during the late afternoon and evening of Friday December 10th, 2021.  Large hail, damaging winds and five tornadoes occurred across central and eastern Missouri as well as south central Illinois.  Unfortunately two of the tornadoes were very strong (rated EF-3 on the Enhanced Fujita Scale) and responsible for 7 fatalities (one near Defiance, Missouri and six at an Amazon Facility near Edwardsville, Illinois). The Defiance, MO tornado tracked within one mile of the NWS St. Louis office in the Missouri Research Park near Weldon Spring, MO leading to the staff sheltering while NWS Kansas City provided service backup.  This is only the third time in the office's existence that the staff had to shelter. The damage from the Defiance, MO EF3 tornado was estimated at $684,186 and is unknown for the remaining tracks at this time but early estimates are well into the millions due to the damage sustained at the Amazon facility near Edwardsville, IL.",76
1007079,BUTLER CO.,NEELYVILLE,03/06/2022,1735,Tornado, ,EF0,0,0,0,0,MO,CST-6, ,166490,C,23,PAH,0,0,Emergency Manager, ,0.1,50,3,ENE,3,ENE,NEELYVILLE,03/06/2022,1736,36.5866,-90.4501,36.5872,-90.4484,"Video was relayed to the National Weather Service of an apparent tornado over an open field east of Neelyville. There was no known damage. The tornado was associated with a relatively weak shower or thunderstorm that did not exhibit severe characteristics.","Small clusters of intense storms moved northeastward during the late afternoon and early evening. These pre-frontal storms were associated with a strengthening low-level jet and some cooling aloft. A surface warm front along the Arkansas border enhanced wind shear, contributing to an isolated very brief tornado despite weak instability.",77
1007984,NEW MADRID CO.,CONRAN,03/18/2022,1439,Tornado, ,EF0,0,0,0,0,MO,CST-6, ,166639,C,143,PAH,0,0,Public, ,0.71,50,3,NW,3,NNE,JAYWYE,03/18/2022,1441,36.5107,-89.6882,36.5157,-89.677,"Multiple videos showed a narrow funnel cloud with some minor debris. The video was taken looking north from Portageville and west from Marston. There was damage to a carport and some power lines. The video and the damage report were relayed by local broadcast media. There was no apparent damage path on the ground. The short path track was based on videos combined with radar data.","A couple of isolated severe thunderstorm cells developed during the late afternoon hours in the warm sector of a surface low over east central Missouri. The storms developed in a marginally unstable but strongly sheared environment ahead of the trailing cold front.",78
1011977,BUCHANAN CO.,ST JOSEPH,03/29/2022,1954,Tornado, ,EF1,0,0,0,0,MO,CST-6, ,167197,C,21,EAX,0,0,NWS Storm Survey, ,0.3,40,4,ENE,4,ENE,ST JOSEPH,03/29/2022,1955,39.7806,-94.7842,39.7827,-94.7793,"A QLCS mesovortex tornado formed along a progressive line of storms that moved through the St. Joseph area. EF-1 damage occurred at a residence on the northeast side of town.","A line of thunderstorms formed in eastern Kansas and pushed eastward into northwest Missouri. There were a couple mesovortex tornadoes within the line, one of which caused damage in St. Joseph. There was also some sporadic wind damage in the St Joseph area, but could not be confirmed as tornadic.",79
1017725,DUNKLIN CO.,HORNERSVILLE MEM ARP,04/13/2022,1353,Tornado, ,EF0,0,0,260000,0,MO,CST-6, ,167612,C,69,MEG,0,0,NWS Storm Survey, ,4.75,100,3,SW,1,SSE,HORNERSVILLE,04/13/2022,1358,35.9973,-90.1807,36.0382,-90.1139,"This tornado began just south of County Road West County Road 70 in the Garson area causing damage to hardwood trees. As the tornado moved northeast across agricultural land, several center pivot irrigation systems were rolled. The tornado crossed into Dunklin County near County Road 645, damaging a mobile home unit and additional center pivot irrigation systems along Missouri Route K and County Road 626. An outbuilding was damaged along County Road 655 with the tornado lifting as it moved into Hornersville. Peak winds were estimated at 85 mph. Thanks to NSSL for assistance with this damage survey.","A shortwave moved into the Lower Mississippi Valley triggering numerous showers and thunderstorms across Arkansas during the morning hours of April 13, 2022. Storms eventually organized into a line that swept across the Mid-South. A strong low-level jet, large amounts of wind shear, and moderate amounts of instability supported severe thunderstorms across the Mid-South. Large hail, damaging wind and tornadoes were the result. Locally heavy rain also caused flooding.",80
1013211,PERRY CO.,BREWER,04/30/2022,1602,Tornado, ,EF0,0,0,30000,0,MO,CST-6, ,167420,C,157,PAH,0,0,NWS Storm Survey, ,0.1,50,1,SSW,1,SSW,BREWER,04/30/2022,1603,37.7626,-89.9291,37.764,-89.9284,"A weak tornado briefly touched down on County Road 806 within a larger area of straight-line winds. The evidence of the weak tornado was based on the orientation of the damage. This included uprooted trees oriented to the southeast, along with lofted tin from a nearby damaged machine shed and a large two-by-four impaled into the ground. The tornado also destroyed a 30-by-50 foot machine shed near some other tree damage in the vicinity. The home next to this machine shed sustained damage to its soffit and gutters. The siding was damaged by debris. Power lines were down. A trained spotter reported seeing a funnel cloud. Peak winds were estimated near 85 mph.","A few supercell thunderstorms formed over southeast Missouri during the warmth of the afternoon. The storms gradually intensified immediately ahead of a cold front across southeast Missouri, where lower 60's dewpoints were in place. Pockets of diurnal heating resulted in moderate instability, with mixed layer cape values from 1500 to 2000. A moderately strong low level southerly wind flow was adequate for a brief tornado or two.  With deep-layer winds oriented perpendicular to the initiating cold front boundary, conditions were favorable for supercells capable of locally damaging winds, isolated large hail, and a brief tornado.",81
1027440,PHELPS CO.,DUKE,05/19/2022,1354,Tornado, ,EF1,0,0,40000,0,MO,CST-6, ,169624,C,161,SGF,0,0,NWS Storm Survey, ,2.96,200,1,E,3,NNE,DUKE,05/19/2022,1359,37.63,-92.01,37.672,-91.9997,"A National Weather Service storm survey determined that an EF-1 with peak winds of 90 mph and a width of 200 yards snapped and uprooted numerous trees and damaged several small outbuildings. The tornado was on the ground for five minutes and tracked for 3 miles.","A nocturnal storm complex developed over southwest Kansas and northwest Oklahoma during the evening of the 18th moved eastward and reached the western edge of the Ozarks during the early morning of the 19th. The storm complex developed into a mesoscale convective vorticity center (MCV) and tracked northeastward across the region through the late morning and afternoon. The airmass on the eastern side of the MCV was unstable enough for severe storms to develop during the afternoon. The storms produced two EF-1 tornadoes in Phelps County south of I-44 near the towns of Beulah and Lecoma. Localized flash flooding was also observed near I-44 between Marshfield and Rolla. The storms also produce areas of widespread wind damage and localized flooding.",82
1027441,PHELPS CO.,VIDA,05/19/2022,1419,Tornado, ,EF1,0,0,0,0,MO,CST-6, ,169624,C,161,SGF,0,0,NWS Storm Survey, ,0.97,100,4,E,4,ENE,VIDA,05/19/2022,1421,37.85,-91.7488,37.8641,-91.7481,"A National Weather Service storm survey determined that an EF-1 tornado with peak winds of 90 mph uprooted numerous trees along its 1 mile long path. A few trees were snapped.","A nocturnal storm complex developed over southwest Kansas and northwest Oklahoma during the evening of the 18th moved eastward and reached the western edge of the Ozarks during the early morning of the 19th. The storm complex developed into a mesoscale convective vorticity center (MCV) and tracked northeastward across the region through the late morning and afternoon. The airmass on the eastern side of the MCV was unstable enough for severe storms to develop during the afternoon. The storms produced two EF-1 tornadoes in Phelps County south of I-44 near the towns of Beulah and Lecoma. Localized flash flooding was also observed near I-44 between Marshfield and Rolla. The storms also produce areas of widespread wind damage and localized flooding.",83
1024251,FRANKLIN CO.,ANACONDA,05/19/2022,1516,Tornado, ,EF0,0,0,20000,0,MO,CST-6, ,169089,C,71,LSX,0,0,NWS Storm Survey, ,2.53,50,1,WNW,3,NNW,ANACONDA,05/19/2022,1518,38.305,-91.041,38.341,-91.05,"A tornado touched down around 4:16 PM along Anaconda Road approximately 2 miles southwest of St. Clair, MO in Franklin County. The tornado produced tree damage along its path as it headed north-northwest. It dissipated around 4:18 PM just south of Route WW. Overall, the tornado was rated EF0 with a path length of 2.53 miles and a max path width of 50 yards. No deaths or injuries were reported.","During the early afternoon of Thursday, May 19, 2022, a complex of thunderstorms expanded and intensified over sections of south-central Missouri. Thunderstorms quickly became strong to severe as the complex tracked east-northeast, impacting east-central Missouri, southeast Missouri, west-central Illinois and southwest Illinois. Numerous thunderstorms embedded within the broad complex exhibited signs of rotation, resulting in nine confirmed tornadoes. Of the nine tornadoes, six tornadoes occurred in Missouri and three occurred in Illinois. In Missouri, five of the six tornadoes were rated EF-0 and one tornado was rated EF-1. In Illinois, two tornadoes were rated EF-0, while the third was rated EF-1. In addition to the nine tornadoes, several locations were impacted by straight-line wind damage. The greatest impact from straight-line winds extended west to east through sections of southeast Missouri into southwest Illinois. The most extensive straight-line wind damage was in a swath from Desloge, MO through Chester, IL. Between the tornadoes and straight-line winds, much of the damage was similar in nature, taking out several trees, damaging outbuildings, machine sheds, and a few grain silos. Some residential homes also suffered damage, largely due to fallen trees, large limbs and/or flying debris. No fatalities nor injuries were reported.",84
1024252,FRANKLIN CO.,GREENSTREET,05/19/2022,1523,Tornado, ,EF1,0,0,30000,0,MO,CST-6, ,169089,C,71,LSX,0,0,NWS Storm Survey, ,1.27,100,2,SW,2,W,GREENSTREET,05/19/2022,1525,38.378,-91.224,38.395,-91.233,"A brief tornado occurred south of Leslie, MO in Franklin County. The tornado moved north-northwest through wooded areas producing tree damage. Maximum estimated wind speed was 100 mph. Overall, the tornado was rated EF1 with a path length of 1.27 miles and a max path width of 100 yards. No deaths or injuries were reported.","During the early afternoon of Thursday, May 19, 2022, a complex of thunderstorms expanded and intensified over sections of south-central Missouri. Thunderstorms quickly became strong to severe as the complex tracked east-northeast, impacting east-central Missouri, southeast Missouri, west-central Illinois and southwest Illinois. Numerous thunderstorms embedded within the broad complex exhibited signs of rotation, resulting in nine confirmed tornadoes. Of the nine tornadoes, six tornadoes occurred in Missouri and three occurred in Illinois. In Missouri, five of the six tornadoes were rated EF-0 and one tornado was rated EF-1. In Illinois, two tornadoes were rated EF-0, while the third was rated EF-1. In addition to the nine tornadoes, several locations were impacted by straight-line wind damage. The greatest impact from straight-line winds extended west to east through sections of southeast Missouri into southwest Illinois. The most extensive straight-line wind damage was in a swath from Desloge, MO through Chester, IL. Between the tornadoes and straight-line winds, much of the damage was similar in nature, taking out several trees, damaging outbuildings, machine sheds, and a few grain silos. Some residential homes also suffered damage, largely due to fallen trees, large limbs and/or flying debris. No fatalities nor injuries were reported.",85
1024255,ST. LOUIS CO.,TIMES BEACH,05/19/2022,1550,Tornado, ,EF0,0,0,0,0,MO,CST-6, ,169089,C,189,LSX,0,0,NWS Storm Survey, ,0.14,20,2,SE,2,S,SHERMAN,05/19/2022,1551,38.505,-90.5753,38.507,-90.575,"A brief tornado occurred east of Eureka, MO in St. Louis County. The tornado formed near the entrance of the Bussen Quarry Antire Plant and moved northward, dissipating as it crossed I-44. Maximum estimated wind speed was 70 mph. Overall, the tornado was rated EF0 with a path length of 0.14 miles and a max path width of 20 yards. No deaths or injuries were reported.","During the early afternoon of Thursday, May 19, 2022, a complex of thunderstorms expanded and intensified over sections of south-central Missouri. Thunderstorms quickly became strong to severe as the complex tracked east-northeast, impacting east-central Missouri, southeast Missouri, west-central Illinois and southwest Illinois. Numerous thunderstorms embedded within the broad complex exhibited signs of rotation, resulting in nine confirmed tornadoes. Of the nine tornadoes, six tornadoes occurred in Missouri and three occurred in Illinois. In Missouri, five of the six tornadoes were rated EF-0 and one tornado was rated EF-1. In Illinois, two tornadoes were rated EF-0, while the third was rated EF-1. In addition to the nine tornadoes, several locations were impacted by straight-line wind damage. The greatest impact from straight-line winds extended west to east through sections of southeast Missouri into southwest Illinois. The most extensive straight-line wind damage was in a swath from Desloge, MO through Chester, IL. Between the tornadoes and straight-line winds, much of the damage was similar in nature, taking out several trees, damaging outbuildings, machine sheds, and a few grain silos. Some residential homes also suffered damage, largely due to fallen trees, large limbs and/or flying debris. No fatalities nor injuries were reported.",86
1024256,ST. LOUIS CO.,WEBSTER GROVES,05/19/2022,1558,Tornado, ,EF0,0,0,50000,0,MO,CST-6, ,169089,C,189,LSX,0,0,NWS Storm Survey, ,3.01,75,1,W,1,WNW,BRENTWOOD,05/19/2022,1603,38.582,-90.398,38.623,-90.379,"A weak tornado formed off of East Jefferson Avenue in Kirkwood and began moving north/northeastward through the Glendale neighborhood. Here, it produced tree damage, with a tree falling on a house, causing damage to the house. The tornado continued northward, crossing Manchester Road near Bennett Avenue while producing more tree damage. The tornado crossed through Old Warson Country Club and then dissipated as it crossed Litzsinger Road. Overall, the tornado was rated EF0 with a path length of 3.01 miles and a max path width of 75 yards. No deaths or injuries were reported.","During the early afternoon of Thursday, May 19, 2022, a complex of thunderstorms expanded and intensified over sections of south-central Missouri. Thunderstorms quickly became strong to severe as the complex tracked east-northeast, impacting east-central Missouri, southeast Missouri, west-central Illinois and southwest Illinois. Numerous thunderstorms embedded within the broad complex exhibited signs of rotation, resulting in nine confirmed tornadoes. Of the nine tornadoes, six tornadoes occurred in Missouri and three occurred in Illinois. In Missouri, five of the six tornadoes were rated EF-0 and one tornado was rated EF-1. In Illinois, two tornadoes were rated EF-0, while the third was rated EF-1. In addition to the nine tornadoes, several locations were impacted by straight-line wind damage. The greatest impact from straight-line winds extended west to east through sections of southeast Missouri into southwest Illinois. The most extensive straight-line wind damage was in a swath from Desloge, MO through Chester, IL. Between the tornadoes and straight-line winds, much of the damage was similar in nature, taking out several trees, damaging outbuildings, machine sheds, and a few grain silos. Some residential homes also suffered damage, largely due to fallen trees, large limbs and/or flying debris. No fatalities nor injuries were reported.",87
1024261,ST. LOUIS CO.,FRONTENAC,05/19/2022,1603,Tornado, ,EF0,0,0,20000,0,MO,CST-6, ,169089,C,189,LSX,0,0,NWS Storm Survey, ,1.32,50,0,E,1,NNE,FRONTENAC,05/19/2022,1604,38.63,-90.418,38.648,-90.41,"A brief and weak tornado touched down in St. Louis County near the city of Frontenac and moved north for just over a mile. The touchdown occurred 0.4 miles southwest of Frontenac and the tornado lifted 1 mile north of Frontenac. Damage caused by the tornado mainly consisted of downed trees and snapped limbs. Overall, the tornado was rated EF0 with a path length of 1.32 miles and a max path width of 50 yards. No deaths or injuries were reported.","During the early afternoon of Thursday, May 19, 2022, a complex of thunderstorms expanded and intensified over sections of south-central Missouri. Thunderstorms quickly became strong to severe as the complex tracked east-northeast, impacting east-central Missouri, southeast Missouri, west-central Illinois and southwest Illinois. Numerous thunderstorms embedded within the broad complex exhibited signs of rotation, resulting in nine confirmed tornadoes. Of the nine tornadoes, six tornadoes occurred in Missouri and three occurred in Illinois. In Missouri, five of the six tornadoes were rated EF-0 and one tornado was rated EF-1. In Illinois, two tornadoes were rated EF-0, while the third was rated EF-1. In addition to the nine tornadoes, several locations were impacted by straight-line wind damage. The greatest impact from straight-line winds extended west to east through sections of southeast Missouri into southwest Illinois. The most extensive straight-line wind damage was in a swath from Desloge, MO through Chester, IL. Between the tornadoes and straight-line winds, much of the damage was similar in nature, taking out several trees, damaging outbuildings, machine sheds, and a few grain silos. Some residential homes also suffered damage, largely due to fallen trees, large limbs and/or flying debris. No fatalities nor injuries were reported.",88
1024266,ST. LOUIS CO.,FERNRIDGE,05/19/2022,1606,Tornado, ,EF0,0,0,50000,0,MO,CST-6, ,169089,C,189,LSX,0,0,NWS Storm Survey, ,0.79,50,1,W,1,WSW,TEMPO,05/19/2022,1607,38.679,-90.47,38.69,-90.474,"A brief tornado with estimated maximum wind speeds of 80 mph impacted portions of central St. Louis County. The tornado developed around 5:06 p.m. 1.7 miles NW of the center of Creve Coeur, near the intersection of Kram Road and Olive Boulevard. The tornado ran nearly parallel to Timber Run Drive before turning northwest at Markaire Drive and impacted areas just southwest of North High School. The tornado crossed Fee Fee Road as it moved northwest and lifted over Seven Pines Drive at approximately 5:07 p.m. Several trees were damaged, power poles were snapped and a few homes were damaged due to falling limbs. Overall, the tornado was rated EF0 with a path length of 0.79 miles and a max path width of 50 yards. No deaths or injuries were reported.","During the early afternoon of Thursday, May 19, 2022, a complex of thunderstorms expanded and intensified over sections of south-central Missouri. Thunderstorms quickly became strong to severe as the complex tracked east-northeast, impacting east-central Missouri, southeast Missouri, west-central Illinois and southwest Illinois. Numerous thunderstorms embedded within the broad complex exhibited signs of rotation, resulting in nine confirmed tornadoes. Of the nine tornadoes, six tornadoes occurred in Missouri and three occurred in Illinois. In Missouri, five of the six tornadoes were rated EF-0 and one tornado was rated EF-1. In Illinois, two tornadoes were rated EF-0, while the third was rated EF-1. In addition to the nine tornadoes, several locations were impacted by straight-line wind damage. The greatest impact from straight-line winds extended west to east through sections of southeast Missouri into southwest Illinois. The most extensive straight-line wind damage was in a swath from Desloge, MO through Chester, IL. Between the tornadoes and straight-line winds, much of the damage was similar in nature, taking out several trees, damaging outbuildings, machine sheds, and a few grain silos. Some residential homes also suffered damage, largely due to fallen trees, large limbs and/or flying debris. No fatalities nor injuries were reported.",89
1020612,JACKSON CO.,RED BRIDGE,06/08/2022,23,Tornado, ,EF1,0,0,0,0,MO,CST-6, ,168567,C,95,EAX,0,0,NWS Storm Survey, ,4.83,125,3,NNW,2,NNE,HICKMAN MILLS,06/08/2022,30,38.956,-94.6072,38.9513,-94.5175,"This is the continuation of the tornado that exited Johnson County, Kansas. The tornado developed on the west side of Lenexa, KS, embedded within the larger line of thunderstorms moving across the Kansas City Metro area. The tornado generally travelled east down W 95th St and Bannister Road, varying in strength at times, before dissipating near the northeast side of the Grandview Triangle on the Missouri Side.","Strong to Severe thunderstorms across Kansas and Missouri the evening of June 7th, 2022, continued to evolve into a complex of strong to severe thunderstorms as they moved into the Kansas City Metro area between 12:30 and 1 AM CDT. These storms resulted in numerous reports of wind damage across the region as well as four confirmed tornadoes, one through the southern side of the Kansas City Metro, one in northeastern Jackson County Missouri and two near Louisburg, KS.",90
1020607,JACKSON CO.,RIPLEY,06/08/2022,37,Tornado, ,EF2,0,0,0,0,MO,CST-6, ,168567,C,95,EAX,0,0,NWS Storm Survey, ,9.56,200,1,SE,1,S,LEVASY,06/08/2022,46,39.121,-94.3091,39.1217,-94.1307,"The tornado developed within a larger bowing line segment of thunderstorms moving across the region. In addition to the tornado, a large swath of wind damage was noted south of the tornado track. In this area, downed tree limbs and other indicators were noted to be blown in the same west to east direction.","Strong to Severe thunderstorms across Kansas and Missouri the evening of June 7th, 2022, continued to evolve into a complex of strong to severe thunderstorms as they moved into the Kansas City Metro area between 12:30 and 1 AM CDT. These storms resulted in numerous reports of wind damage across the region as well as four confirmed tornadoes, one through the southern side of the Kansas City Metro, one in northeastern Jackson County Missouri and two near Louisburg, KS.",91
1035106,CLINTON CO.,HEMPLE,06/11/2022,2107,Tornado, ,EF0,0,0,0,0,MO,CST-6, ,170637,C,49,EAX,0,0,Public, ,0.02,20,2,SE,2,SE,HEMPLE,06/11/2022,2108,39.7039,-94.5542,39.7036,-94.5542,"A brief tornado occurred and did some damage to a pole barn near Hemple, Missouri.","A strong supercell formed in far northern Missouri, and dropped southward across the Highway 36 corridor. Along the way it produced several areas of tight rotation, which ultimately led to a brief tornado near Stewartsville.",92
1081064,NEWTON CO.,MC ELHANY,02/27/2023,102,Tornado, ,EF1,0,0,550000,0,MO,CST-6, ,176966,C,145,SGF,0,0,NWS Storm Survey, ,0.75,200,2,NW,2,WSW,NEOSHO ARPT,02/27/2023,103,36.8,-94.42,36.8105,-94.4165,"A National Weather Service storm survey concluded that an EF-1 tornado, with maximum wind speeds of 105 mph, damaged or destroyed more than 10 outbuildings and overturned two RVs. Minor roof damage occurred to a few homes. A few trees were uprooted with large branches broken off of numerous trees. The tornado path was 0.7 miles long with a maximum width of 200 yards. The tornado crossed I-49 with visible debris in the median.","A low pressure system intensified rapidly as it moved northeastward across the central Plains into northern Missouri and southern Iowa during the late evening of the 26th and early morning of the 27th. Strong to severe storms developed ahead of the trailing cold front and produced widespread wind damage and three tornadoes over southwest Missouri during the overnight hours. Numerous reports of wind damage were received east of a line from Joplin to Warsaw.",93
1081065,DADE CO.,MEINERT,02/27/2023,125,Tornado, ,EF0,0,0,50000,0,MO,CST-6, ,176966,C,57,SGF,0,0,NWS Storm Survey, ,0.41,200,4,NW,4,W,LOCKWOOD,02/27/2023,126,37.372,-94.045,37.377,-94.0408,"A National Weather Service storm survey concluded that an EF-0 tornado, with maximum wind speeds of 77 mph, heavily damaged a machine barn.  Tin was blown in a cyclonic manner.  The tornado also broke several tree limbs.  The tornado was 1.6 miles long with a maximum width of 200 yards.","A low pressure system intensified rapidly as it moved northeastward across the central Plains into northern Missouri and southern Iowa during the late evening of the 26th and early morning of the 27th. Strong to severe storms developed ahead of the trailing cold front and produced widespread wind damage and three tornadoes over southwest Missouri during the overnight hours. Numerous reports of wind damage were received east of a line from Joplin to Warsaw.",94
1081066,DADE CO.,BONA,02/27/2023,147,Tornado, ,EF0,0,0,0,0,MO,CST-6, ,176966,C,57,SGF,0,0,NWS Storm Survey, ,1.29,100,1,NW,2,NNE,BONA,02/27/2023,149,37.56,-93.69,37.573,-93.673,"A National Weather Service storm survey concluded that an EF-0 tornado, with maximum wind speeds of 76 mph, uprooted a few weak trees with large branches also broken off. No damage to structures was noted along the tornadoes path of 1.2 miles long with a maximum width of 100 yards.","A low pressure system intensified rapidly as it moved northeastward across the central Plains into northern Missouri and southern Iowa during the late evening of the 26th and early morning of the 27th. Strong to severe storms developed ahead of the trailing cold front and produced widespread wind damage and three tornadoes over southwest Missouri during the overnight hours. Numerous reports of wind damage were received east of a line from Joplin to Warsaw.",95
1085986,CARTER CO.,ELLSINORE,04/05/2023,148,Tornado, ,EF0,0,0,10000,0,MO,CST-6, ,178534,C,35,PAH,0,0,Park/Forest Service, ,0.23,50,3,ENE,3,ENE,ELLSINORE,04/05/2023,149,36.954,-90.7,36.955,-90.696,"This was the start of the tornado track as determined by an aerial survey from the USDA Forest Service. Trees were uprooted. Peak winds were estimated near 85 mph in this very short section of track in Carter County. The tornado quickly entered Wayne County in a highly forested area.","A cyclic supercell moved northeast from Arkansas, producing two tornadoes in southeast Missouri. Both tornadoes occurred in heavily forested areas. The second tornado struck a small community called Glenallen, located near Marble Hill in Bollinger County. Several fatalities were associated with this significant tornado. The supercell was the product of a favorable environment for tornadic storms. Moderate instability and strong deep-layer wind shear coincided over the region. Mixed-layer capes were between 1000 and 1500 j/kg in the presence of effective bulk shear around 55 knots. A surface low tracked from central Kansas into Iowa, resulting in a large unstable warm sector over Missouri and Illinois. Strong low-level south to southwest winds brought unseasonably warm late-night temperatures in the mid 70's and dew points in the 60's.  The onset of storms was delayed by capping in the warm sector and pockets of dry low-level air. Wind fields strengthened throughout the night and capping weakened, leading to nocturnal supercell tornadoes.",96
1085990,WAYNE CO.,MILL SPG,04/05/2023,149,Tornado, ,EF1,0,0,200000,0,MO,CST-6, ,178534,C,223,PAH,0,0,NWS Storm Survey, ,6.14,300,8,S,3,NW,WILLIAMSVILLE,04/05/2023,156,36.955,-90.696,37,-90.6,"The tornado entered a heavily forested area of Wayne County after forming just over the county line in Carter County. The tornado produced a swath of tree destruction up to 300 yards wide. The tornado paralleled Highway A for about a mile or so. The only structural damage was observed where the tornado crossed Highway A. One garage suffered minor roof damage by a falling tree. The tornado caused shingle damage to a house located along Highway A. Where the tornado crossed Highway 49, the most intense tree damage was observed. This is where peak winds were estimated near 110 mph and where acres of trees were flattened. The tree damage swath became narrow and much less intense east of Highway 49 in hilly forested terrain.","A cyclic supercell moved northeast from Arkansas, producing two tornadoes in southeast Missouri. Both tornadoes occurred in heavily forested areas. The second tornado struck a small community called Glenallen, located near Marble Hill in Bollinger County. Several fatalities were associated with this significant tornado. The supercell was the product of a favorable environment for tornadic storms. Moderate instability and strong deep-layer wind shear coincided over the region. Mixed-layer capes were between 1000 and 1500 j/kg in the presence of effective bulk shear around 55 knots. A surface low tracked from central Kansas into Iowa, resulting in a large unstable warm sector over Missouri and Illinois. Strong low-level south to southwest winds brought unseasonably warm late-night temperatures in the mid 70's and dew points in the 60's.  The onset of storms was delayed by capping in the warm sector and pockets of dry low-level air. Wind fields strengthened throughout the night and capping weakened, leading to nocturnal supercell tornadoes.",97
1086003,BOLLINGER CO.,GRASSY,04/05/2023,230,Tornado, ,EF2,5,4,2000000,0,MO,CST-6, ,178534,C,17,PAH,0,0,NWS Storm Survey, ,19.78,150,2,SW,4,ENE,SCOPUS,04/05/2023,256,37.25,-90.14,37.43,-89.86,"The tornado moved northeast across central Bollinger County, passing just north and west of Marble Hill. The most severe damage occurred in Glenallen (near Marble Hill), where several fatalities and injuries occurred. All five occupants of a demolished mobile home were killed there, including two teenagers, a middle-aged adult, and two older adults. Several manufactured homes were totally destroyed. Approximately a couple of dozen homes suffered major structural damage, including roof damage, broken windows, and collapse of walls. Severe tree damage occurred in the vicinity of Glenallen, where hundreds of trees were snapped at the base. A dozen or so farm outbuildings sustained major damage along the path of the tornado. Peak winds were estimated near 130 mph at Glenallen. The maximum path width and damage rating were assigned to the Glenallen area along Highway 34. The tornado was very close to dissipating when it crossed into Cape Girardeau County.","A cyclic supercell moved northeast from Arkansas, producing two tornadoes in southeast Missouri. Both tornadoes occurred in heavily forested areas. The second tornado struck a small community called Glenallen, located near Marble Hill in Bollinger County. Several fatalities were associated with this significant tornado. The supercell was the product of a favorable environment for tornadic storms. Moderate instability and strong deep-layer wind shear coincided over the region. Mixed-layer capes were between 1000 and 1500 j/kg in the presence of effective bulk shear around 55 knots. A surface low tracked from central Kansas into Iowa, resulting in a large unstable warm sector over Missouri and Illinois. Strong low-level south to southwest winds brought unseasonably warm late-night temperatures in the mid 70's and dew points in the 60's.  The onset of storms was delayed by capping in the warm sector and pockets of dry low-level air. Wind fields strengthened throughout the night and capping weakened, leading to nocturnal supercell tornadoes.",98
1086007,CAPE GIRARDEAU CO.,KURREVILLE,04/05/2023,256,Tornado, ,EF1,0,0,2000,0,MO,CST-6, ,178534,C,31,PAH,0,0,NWS Storm Survey, ,0.88,50,2,SSW,3,SSW,KURREVILLE,04/05/2023,257,37.44,-89.85,37.43,-89.86,"The tornado passed from Bollinger County into Cape Girardeau County for just a minute or so before dissipating. The only visible damage was broken large branches on County Road 352 near the county line.","A cyclic supercell moved northeast from Arkansas, producing two tornadoes in southeast Missouri. Both tornadoes occurred in heavily forested areas. The second tornado struck a small community called Glenallen, located near Marble Hill in Bollinger County. Several fatalities were associated with this significant tornado. The supercell was the product of a favorable environment for tornadic storms. Moderate instability and strong deep-layer wind shear coincided over the region. Mixed-layer capes were between 1000 and 1500 j/kg in the presence of effective bulk shear around 55 knots. A surface low tracked from central Kansas into Iowa, resulting in a large unstable warm sector over Missouri and Illinois. Strong low-level south to southwest winds brought unseasonably warm late-night temperatures in the mid 70's and dew points in the 60's.  The onset of storms was delayed by capping in the warm sector and pockets of dry low-level air. Wind fields strengthened throughout the night and capping weakened, leading to nocturnal supercell tornadoes.",99
1092151,MARIES CO.,VETO,04/15/2023,1535,Tornado, ,EF2,0,5,2000000,0,MO,CST-6, ,179259,C,125,SGF,0,0,NWS Storm Survey, ,6.87,880,3,NW,1,ENE,(VIH)ROLLA/VICHY ARP,04/15/2023,1543,38.11,-91.87,38.14,-91.7494,"A National Weather Service storms survey determined that an EF-2 tornado with maximum winds of 122 mph touched down west of Vichy and traveled 6.8 miles lifting just northeast of the Vichy/Rolla airport. The path of the tornado was intermittent with mostly EF-1 damage but EF-2 damage did occur west of Vichy to north east of Vichy.  Along the path, which was 880 yards at its widest, multiple trees were uprooted or snapped. A home suffered significant damage to exterior walls and some interior walls. Several other homes suffered minor siding damage. Two metal frame buildings lost roofs, and another metal building had two walls blown down at the Vichy/Rolla Airport where the ASOS measured 97 mph winds. Several outbuildings suffered minor to major damage, two aircraft suffered minor damage. Five people suffered minor injuries.","Storms developed along the southwest Missouri/southeast Kansas border during the early afternoon and tracked eastward across the area through the early to mid evening. Hail up to four inches in diameter was reported near the town of Arcola, in Dade County. Other reports of two inch hail or larger were received from Barton, Cedar, Dallas, Greene, Hickory, Polk, and Taney Counties. The Automated Surface Observation System (ASOS) at Vichy in Maries County recorded a wind gust of 97 mph. It was later confirmed that an EF-2 tornado moved over the area, resulting in 5 injuries to the residents of a house that was heavily damaged.",100
1093791,ST. LOUIS CO.,MORSCHELS,04/15/2023,1719,Tornado, ,EF1,0,0,0,0,MO,CST-6, ,179163,C,189,LSX,0,0,NWS Storm Survey, ,4.47,100,2,E,1,NNE,FENTON,04/15/2023,1727,38.532,-90.5,38.533,-90.422,"A weak tornado touched down on Valley Drive at 619 PM CDT just south of Lucie Avenue, snapping off several trees and causing minor roof damage to a couple of houses. It then moved northeast crossing Highway 141 about a third of a mile south of the I-44/Highway 141 interchange.  As it continued to the northeast paralleling I-44, it caused minor damage to trees, roofs and light posts. As the tornado approached Bowles Avenue, it began to move in an easterly direction across a light industrial area, but still paralleling I-44. Damage in this area remained minor with roof and tree damage. As it crossed the Meramec River, about half a mile south of I-44, it tracked in a more east southeasterly direction through Tapawingo National Golf Course causing damage to numerous trees and minor structural damage. The tornado lifted and dissipated near the intersection of West Watson Road and Bond Place. Overall the tornado was rated EF1 with a max wind speed of 100 mph. The path length was 4.47 miles with a max path width of 100 yards. No deaths or injuries were reported.","Several strong to severe thunderstorms moved into eastern Missouri in the afternoon hours of April 15th. These storms were initially producing copious large hail, but rapidly transitioned into tornadic storms. The first tornado was associated with a supercell ahead of a congealing line of convection moving rapidly toward the Mississippi River. A portion of this line of storms rapidly surged eastward, resulting in numerous tornadoes in Jefferson county in Missouri, and Monroe, Madison, St. Clair, and Washington counties in Illinois. In total, 12 tornadoes have been identified, including 3 EF-1s, 6 EF-0s, and 3 tornadoes of unknown intensity that produced no damage.",101
1093804,JEFFERSON CO.,HILLSBORO,04/15/2023,1724,Tornado, ,EF0,0,0,0,0,MO,CST-6, ,179163,C,99,LSX,0,0,NWS Storm Survey, ,0.57,200,0,NNE,1,ENE,HILLSBORO,04/15/2023,1725,38.234,-90.567,38.233,-90.557,"A tornado formed around 6:24pm CDT near the corner of Elm and 3rd streets on the northwest side of downtown Hillsboro, causing minor damage to the siding of the Good Shepherd Catholic Church. It continued eastward along the northern periphery of the downtown area, producing sporadic minor tree damage as it did so. When it approached Business Highway 21, the tornado damaged the facade and steeple of the First Baptist Church. Across the highway along 4th Street, the roof of the fire department building and a residence received minor damage. As the tornado moved over Vreeland Road and tracked along Sunny Lane, it briefly intensified, with several trees uprooted along the lane and minor roof damage occurring on an outbuilding. The tornado then weakened as it neared the end of Sunny Lane, dissipating in the wooded area just beyond the end of the roadway. Overall the tornado was rated EF0 with a max wind speed of 77 mph. The path length was 0.57 miles with a max path width of 200 yards. No deaths or injuries were reported.","Several strong to severe thunderstorms moved into eastern Missouri in the afternoon hours of April 15th. These storms were initially producing copious large hail, but rapidly transitioned into tornadic storms. The first tornado was associated with a supercell ahead of a congealing line of convection moving rapidly toward the Mississippi River. A portion of this line of storms rapidly surged eastward, resulting in numerous tornadoes in Jefferson county in Missouri, and Monroe, Madison, St. Clair, and Washington counties in Illinois. In total, 12 tornadoes have been identified, including 3 EF-1s, 6 EF-0s, and 3 tornadoes of unknown intensity that produced no damage.",102
1093815,JEFFERSON CO.,SILICA,04/15/2023,1730,Tornado, ,EF1,0,1,0,0,MO,CST-6, ,179163,C,99,LSX,0,0,NWS Storm Survey, ,3.97,360,0,NNW,0,ESE,HERCULANEUM,04/15/2023,1735,38.236,-90.432,38.267,-90.374,"A tornado formed northeast of Festus, MO along Old A Highway just after 6:30pm CDT on April 15. It moved northeastward through a subdivision off of Old A Highway and west of West City Park, producing sporadic minor structural damage. As the tornado moved into West City Park, it increased in strength, snapping and uprooting several trees. As it moved over Horine Road, it reached peak strength and produced significant damage to a home. The tornado weakened slightly as it continued on to Interstate 55, producing minor damage to homes, outbuildings, and trees as it did so. As the tornado crossed I-55, it overturned a southbound semi causing minor injuries to the driver. After crossing Interstate 55, the tornado turned more northeasterly and crossed McNutt Street and Lake Drive in Herculaneum, continuing to produce additional minor structural and tree damage. The tornado then turned more easterly and tracked along Joachim Avenue and just south of Herculaneum High School, where it produced minor roof damage to a church and knocked over light poles. As it entered the Dunkin and Fletcher Memorial Park it weakened and dissipated. Overall the tornado was rated EF1 with a max wind speed of 100 mph. The path length was 3.97 miles with a max path width of 360 yards. One injury was reported, but no fatalities.","Several strong to severe thunderstorms moved into eastern Missouri in the afternoon hours of April 15th. These storms were initially producing copious large hail, but rapidly transitioned into tornadic storms. The first tornado was associated with a supercell ahead of a congealing line of convection moving rapidly toward the Mississippi River. A portion of this line of storms rapidly surged eastward, resulting in numerous tornadoes in Jefferson county in Missouri, and Monroe, Madison, St. Clair, and Washington counties in Illinois. In total, 12 tornadoes have been identified, including 3 EF-1s, 6 EF-0s, and 3 tornadoes of unknown intensity that produced no damage.",103
1093822,JEFFERSON CO.,PEVELY,04/15/2023,1734,Tornado, ,EF1,0,0,0,0,MO,CST-6, ,179163,C,99,LSX,0,0,NWS Storm Survey, ,0.93,150,1,NNW,1,NE,PEVELY,04/15/2023,1736,38.29,-90.407,38.288,-90.391,"A tornado formed on the northwest side of Pevely, MO around 634 PM CDT and tracked to the southeast into the northern portions of town producing minor roof, tree, siding and sign damage. After it crossed Pleasant Road it tracked in a more easterly direction, causing additional minor tree, power line and roof damage before lifting and dissipating on the western side of Oak Valley Golf Course and Resort. Overall the tornado was rated EF1 with a max wind speed of 100 mph. The path length was 0.93 miles with a max path width of 150 yards. No deaths or injuries were reported.","Several strong to severe thunderstorms moved into eastern Missouri in the afternoon hours of April 15th. These storms were initially producing copious large hail, but rapidly transitioned into tornadic storms. The first tornado was associated with a supercell ahead of a congealing line of convection moving rapidly toward the Mississippi River. A portion of this line of storms rapidly surged eastward, resulting in numerous tornadoes in Jefferson county in Missouri, and Monroe, Madison, St. Clair, and Washington counties in Illinois. In total, 12 tornadoes have been identified, including 3 EF-1s, 6 EF-0s, and 3 tornadoes of unknown intensity that produced no damage.",104
1104349,GRUNDY CO.,TRENTON,05/06/2023,1839,Tornado, ,EF0,0,0,0,0,MO,CST-6, ,179478,C,79,EAX,0,0,Storm Chaser, ,0.53,25,1,S,1,SE,TRENTON,05/06/2023,1841,40.07,-93.62,40.07,-93.61,"A storm chaser in Trenton caught a brief tornado on video. This tornado did some visible damage to a local church, but that damage was mostly superficial as the brick facade crumbled off the face of the building. No injuries were reported.","On the afternoon of May 6 strong thunderstorms formed in far northwest Missouri. Through the afternoon these storms strengthened as they moved east across northern Missouri, ultimately turning into robust supercells that started diving southeast toward Highway 36. Along the way they produced giant hail reaching, and perhaps exceeding 4 inches at times. As the main storm pushed southeast toward Linneus, Missouri it produced a tornado that at times was several hundred yards wide. This tornado produced EF-2 damage just north of Linneus. Perhaps as noteworthy, if not more so, was the extremely strong and wide rear flank downdraft that produced some intense damage well south of the main tornado track. This RFD destroyed numerous homes along the way and produced extreme tree damage to the city of Linneus, which was largely spared a direct hit from the actual tornado. Overall the storm produced three separate tornadoes, the most noteworthy of which was the EF-2 just north of Linneus, Missouri.",105
1104355,LINN CO.,HECLA,05/06/2023,1922,Tornado, ,EF2,0,0,0,0,MO,CST-6, ,179478,C,115,EAX,0,0,NWS Storm Survey, ,12.38,250,1,E,5,E,LMNEUS,05/06/2023,1946,39.93,-93.31,39.87,-93.09,"After creating a brief tornado in the city of Trenton the supercell went on to produce a more massive and long-lived tornado across central Linn County. No incorporated cities were directly impacted by the tornado, but several residences across the county were damaged. The most extensive residential damage occurred just north of Linneus as the storm crossed Highway 5. The tornado eventually dissipated east of Linneus before producing again as it approached Bucklin. One notable aspect of this event was the extreme rear flank downdraft, which produced some of the more extensive damage. This damage was determined to be straight line winds due to being 1-2 miles away from the main tornado circulation.","On the afternoon of May 6 strong thunderstorms formed in far northwest Missouri. Through the afternoon these storms strengthened as they moved east across northern Missouri, ultimately turning into robust supercells that started diving southeast toward Highway 36. Along the way they produced giant hail reaching, and perhaps exceeding 4 inches at times. As the main storm pushed southeast toward Linneus, Missouri it produced a tornado that at times was several hundred yards wide. This tornado produced EF-2 damage just north of Linneus. Perhaps as noteworthy, if not more so, was the extremely strong and wide rear flank downdraft that produced some intense damage well south of the main tornado track. This RFD destroyed numerous homes along the way and produced extreme tree damage to the city of Linneus, which was largely spared a direct hit from the actual tornado. Overall the storm produced three separate tornadoes, the most noteworthy of which was the EF-2 just north of Linneus, Missouri.",106
1104356,LINN CO.,ST CATHARINE,05/06/2023,1956,Tornado, ,EF1,0,0,0,0,MO,CST-6, ,179478,C,115,EAX,0,0,NWS Storm Survey, ,8.51,100,4,NNW,1,N,BUCKLIN,05/06/2023,2014,39.85,-93.04,39.79,-92.9,"After the large tornado across central Linn County there was a brief interruption in the damage path. The next tornado formed a few miles southeast of where the larger tornado circulation became discontinuous. This tornado did some minor damage to residences and outbuildings between Linneus and Bucklin. Some of the more extensive damage occurred from rear-flank downdraft winds 1-2 miles south of the main tornado circulation.","On the afternoon of May 6 strong thunderstorms formed in far northwest Missouri. Through the afternoon these storms strengthened as they moved east across northern Missouri, ultimately turning into robust supercells that started diving southeast toward Highway 36. Along the way they produced giant hail reaching, and perhaps exceeding 4 inches at times. As the main storm pushed southeast toward Linneus, Missouri it produced a tornado that at times was several hundred yards wide. This tornado produced EF-2 damage just north of Linneus. Perhaps as noteworthy, if not more so, was the extremely strong and wide rear flank downdraft that produced some intense damage well south of the main tornado track. This RFD destroyed numerous homes along the way and produced extreme tree damage to the city of Linneus, which was largely spared a direct hit from the actual tornado. Overall the storm produced three separate tornadoes, the most noteworthy of which was the EF-2 just north of Linneus, Missouri.",107
1094285,GREENE CO.,FAIR GROVE,05/15/2023,1441,Tornado, ,EF0,0,0,100000,0,MO,CST-6, ,179310,C,77,SGF,0,0,NWS Storm Survey, ,1.49,75,1,NE,2,N,FAIR GROVE,05/15/2023,1446,37.39,-93.14,37.41,-93.15,"A National Weather Service storm survey determined that an intermittent EF-0 tornado touched down near Fair Grove, Missouri and tracked to the northwest about a mile and a half. Maximum wind speeds were 77 mph with a maximum path width of 75 yards. At the start point of the tornado, a home sustained minor damage to siding., otherwise sporadic and sparse tree damage was noted along the tornadoes path. Just before lifting, several outbuildings suffered significant damage.","Isolated to widely scattered storms developed along remnant outflow boundaries on the  afternoon the 15th. Saturated soils from previous rainfall in the week led to flash flooding with the afternoon and evening storms. Minor to moderate river flooding also occurred along the Jacks Fork, Current, and Big Piney rivers along with Roubidoux Creek. A few severe storms occurred and one storm near Fair Grove produced an intermittent EF-0 tornado that impacted homes, trees and outbuildings.",108
1103109,CLARK CO.,MEDILL,06/29/2023,910,Tornado, ,EF1,0,0,0,0,MO,CST-6, ,181094,C,45,DVN,0,0,NWS Storm Survey, ,2.21,30,2,SW,1,ESE,MEDILL,06/29/2023,913,40.41,-91.79,40.42,-91.75,"A NWS storm survey determined an EF1 tornado, with peak winds near 90 mph, tracked for 2.4 miles from southwest of Medill to just west of Kahoka. Damage to an outbuilding occurred, along with convergent damage to numerous large trees.","On Thursday, June 29, a powerful severe wind event moved over the region. This event was known as a derecho given its long duration from north of Kansas City to southern Indiana and its consistent strong intensity. Almost all of the damage in the area surveyed locally was due to straight-line winds, at times easily peaking between 100-120 mph in far western Illinois. Those who experienced the event conveyed how the strongest winds persisted for 10 to 15 minutes, and in some locations, it lasted as long as 20 minutes, which is atypical for derecho events.||There were some swaths of enhanced damage. These were largely due to intense wind surges in the local area. One of these in Clark county, Mo was determined to be a short-lived EF1 tornado.",109
1107314,SCOTT CO.,PORTER,07/24/2023,1310,Tornado, ,EF2,0,2,400000,0,MO,CST-6, ,181822,C,201,PAH,0,0,NWS Storm Survey, ,0.28,25,3,SSW,3,S,PORTER,07/24/2023,1312,36.9357,-89.4861,36.9342,-89.4814,"A brief EF-2 tornado struck a homestead near the community of Bertrand in Scott County, MO. The tornado started on County Highway 532 just west of the intersection of Highway O. The tornado shifted and damaged several grain bins and destroyed two barns. A person in a truck nearby had their vehicle partially lifted briefly by the tornado. After crossing Highway O, the tornado severely damaged a house and adjacent auxiliary home, removing the roofs and collapsing some exterior walls of both buildings. Two people suffered minor injuries in the primary residence when they were cut by flying debris. After damaging some trees behind the buildings, the tornado dissipated as it moved into an agricultural field east of the residences. Peak winds were estimated near 115 mph.","Thunderstorms rapidly formed in a strongly unstable air mass during the heat of the afternoon. The storms organized into a line of storms over extreme southeast Missouri for a brief time. A couple of the storms produced damaging winds and a brief tornado. The storms occurred ahead of a slow-moving weak cold front that extended from central Indiana to the Ozarks of southwest Missouri.",110
1106031,RAY CO.,MILLVILLE,08/04/2023,1657,Tornado, ,EF0,0,0,0,0,MO,CST-6, ,181622,C,177,EAX,0,0,Storm Chaser, ,4.55,20,1,WNW,2,WSW,RUSSELLVILLE,08/04/2023,1711,39.4059,-93.9435,39.41,-93.8585,"A weak tornado began just west of the intersection of Highway B and Highway K in rural Ray County, MO where a structure sustained minor roof damage and a toppled chimney. The tornado continued to the east, crossing Highway K just north of the small community of Millville. The tornado then damaged a house and several outbuildings at the intersection of Highway E and E 176th Street. It was around this time that the tornado began displaying a tornado debris signature on EAX radar. The tornado then continued east approximately down E 176th street, doing minor damage to a house, trees, outbuildings, and tossing hay bales a short distance just past the intersection of E 176th St and Wickstrom Road. After this point, no more damage was noted.","On the afternoon and evening of August 4th, severe storms developed over western Missouri and moved eastward into central Missouri. A supercell produced a 4.5 mile long EF0 tornado in rural Ray County near the community of Millville, with another supercell producing a 1.5 mile long EF0 near Malta Bend in Saline County. A few other wind damage and 60 mph wind gusts reports were received with these storms.",111
1106033,SALINE CO.,MALTA BEND,08/04/2023,1817,Tornado, ,EF0,0,0,0,0,MO,CST-6, ,181622,C,195,EAX,0,0,Storm Chaser, ,1.54,20,1,ESE,2,ESE,MALTA BEND,08/04/2023,1820,39.1972,-93.3529,39.1907,-93.3254,"Live stream from a storm chaser showed a brief tornado that began just ENE of Malta Bend near Highway 65 and continued to the east about 1.5 miles before ending.","On the afternoon and evening of August 4th, severe storms developed over western Missouri and moved eastward into central Missouri. A supercell produced a 4.5 mile long EF0 tornado in rural Ray County near the community of Millville, with another supercell producing a 1.5 mile long EF0 near Malta Bend in Saline County. A few other wind damage and 60 mph wind gusts reports were received with these storms.",112
1146024,KNOX CO.,BARING,08/04/2023,2213,Tornado, ,EF2,0,2,0,0,MO,CST-6, ,186750,C,103,LSX,0,0,NWS Storm Survey, ,1.64,450,1,SSE,1,WNW,BARING,08/04/2023,2215,40.2408,-92.1957,40.2573,-92.217,"The tornado began on the southeast side of town just southeast of the Highway K and Dairy Avenue intersection. The tornado quickly strengthened as it moved northwest producing EF2 damage southwest of the intersection. A farm outbuilding was completely destroyed, several grain bins were thrown 1/4 to 1/2 mile downwind, and a home was heavily damaged with the roof and several walls removed. The tornado then crossed Highway K and the railroad tracks and moved through the center of the town of Baring. In Baring, 6-7 businesses and 62 homes were damaged. Notable was the post office which was heavily damaged with the removal of the roof and several walls. The tornado then exited town tracking to the northwest producing damage to a farm outbuilding on the east side of Highway 15 and damage to trees on the west side of the highway. The tornado dissipated shortly thereafter. Overall the tornado was rated EF2 with a path length of 1.64 miles. The max path width was 450 yards. Two people sustained minor injuries and no deaths were reported.","An MCV moved through northern sections of Missouri during the evening of August 4th into the early morning hours of August 5th. Widespread showers and storms developed. Some of the storms became severe. There were some damaging winds reported as well as two tornadoes. One tornado moved through Baring, MO with most of the town sustaining some kind of damage. Also, two people sustained minor injuries. Another tornado developed in Adams County in Illinois near Marcelline.",113
1137153,LINN CO.,NORTH SALEM,08/11/2023,2218,Tornado, ,EF0,0,0,0,0,MO,CST-6, ,185285,C,115,EAX,0,0,Emergency Manager, ,1.26,30,1,W,1,N,NORTH SALEM,08/11/2023,2221,40.03,-93,40.04,-92.98,"A brief EF-0 tornado began just south of Highway O in far northern Linn County just south of the Linn and Sullivan County line. The tornado initially damaged some trees and small outbuildings before moving to the east and damaging the roof, siding, and garage doors of a newly built barndominium type building on the north side of Highway O just west of the Highway O and Highway V intersection. The tornado traveled just over a mile and was on the ground for about 3 minutes. Thanks to the Linn County EM for their assistance on the survey.","On the evening hours of August 11th into early morning August 12th, storms brought hail, damaging winds, flash flooding, and even a brief tornado to northern Missouri.",114
1145212,MONTGOMERY CO.,WELLSVILLE,08/12/2023,234,Tornado, ,EF0,0,0,0,0,MO,CST-6, ,186614,C,139,LSX,0,0,NWS Storm Survey, ,2.54,40,5,ENE,4,N,BUELL,08/12/2023,238,39.1014,-91.5007,39.081,-91.4613,"The tornado touched down 5 miles southwest of Middletown, on the west side of Swope School Road, just north of intersection with Highway A. In this location, several trees and tree branches were blown down. The tornado moved to the southeast, crossing Highway A and then as it crossed Trinity Church Road, several large tree limbs were snapped off and blocked the road. The tornado continued to the southeast for almost two more miles with additional minor tree damage before lifting and dissipating near the intersection of Nagel Road and Poppy Road, about 4 miles south southwest of Middletown. Overall the tornado was rated EF0 with a path length of 2.54 miles and a max path width of 40 yards. No deaths or injuries were reported.","Overnight August 11th into August 12th, discrete supercells congealed into a convective complex. This system produced widespread wind damage from northeast Missouri and west central Illinois as far south as the St. Louis Metropolitan Area.",115
1168733,ST. LOUIS CO.,HANLEY HILLS,03/14/2024,646,Tornado, ,EF0,0,0,0,0,MO,CST-6, ,189633,C,189,LSX,0,0,NWS Storm Survey, ,0.1,50,1,W,0,WNW,HANLEY HILLS,03/14/2024,647,38.7015,-90.3398,38.702,-90.338,"A weak tornado touched down 3.7 miles southeast of Lambert International Airport, on Lackland Road. As it tracked to the northeast, it snapped off several large trees and caused minor shingle, soffit and gutter damage to two houses. Another home sustained moderate siding damage. Overall, the tornado was rated EF0 with a path length of 0.10 miles and a maximum width of 50 yards. The maximum sustained winds were estimated to be near 75 mph. No deaths or injuries were reported.","Just after sunrise, a quasi-linear convective system (QLCS) produced five confirmed EF-0 tornadoes. Four of these occurred in rural south-central Illinois, and another tracked through Charlack, Missouri in northern St. Louis County. No reported injuries or fatalities with these tornadoes. Also, there were a few reports of damaging winds and large hail.",116
1157335,CHRISTIAN CO.,MC CRACKEN,03/14/2024,1440,Tornado, ,EF0,0,0,15000,0,MO,CST-6, ,188306,C,43,SGF,0,0,NWS Storm Survey, ,0.96,50,1,NNW,2,N,MC CRACKEN,03/14/2024,1441,37.029,-93.174,37.042,-93.17,"Intermittent tornado path with EF-0 damage occurred just northeast of Ozark. The tornado traveled one mile with a maximum width of 50 yards. Multiple trees were uprooted or snapped along the path. The tornado also damaged a barn and outbuilding.","A cluster of severe thunderstorms moved through southern Missouri during the afternoon and evening hours on the 14th. A swath of damaging winds occurred along with intermittent large hail and one weak tornado.",117
1172327,ST. LOUIS CO.,SOUTH BELLEFONTAINE,04/01/2024,1732,Tornado, ,EF0,0,0,100000,0,MO,CST-6, ,190266,C,189,LSX,0,0,NWS Storm Survey, ,2.01,332,0,NNW,2,ENE,SOUTH BELLEFONTAINE,04/01/2024,1735,38.653,-90.551,38.657,-90.514,"An EF0 tornado with peak winds of 85 mph touched down just northeast of the Interstate 64 and Highway 340 interchange. The tornado traveled 2 miles east-northeast for approximately 3 minutes before lifting just west of Highway 141. Several tree limbs were damaged with minor damage to the roofs of multiple residences. Overall, the path length was 2.01 miles and the max path width was 332 yards. No deaths or injuries were reported.","Through the day of April 1, a warm front left much of the area in a warm, moist, and increasingly unstable airmass. This environment supported multiple waves of severe thunderstorms from the evening of April 1st through the early morning of April 2nd. Notable reports include large hail up to 2 inches in diameter, isolated damaging winds, a brief EF-0 tornado, and instances of flash flooding.",118
1174942,GREENE CO.,HICKORY BARREN,04/01/2024,2137,Tornado, ,EF1,0,0,90000,0,MO,CST-6, ,189023,C,77,SGF,0,0,NWS Storm Survey, ,2.08,100,4,NNW,4,N,HICKORY BARREN,04/01/2024,2144,37.4,-93.26,37.4053,-93.2227,"A NWS storm survey concluded that an EF-1 tornado with peak winds of 95 mph occurred near Fair Grove, Missouri. The width of the tornado was 100 yards. The tornado remained on the ground for around two miles while uprooting and snapping several trees. The tornado heavily damaged an outbuilding while also causing minor damage to a residence. A tornado debris signature was also present on radar.","Severe thunderstorms brought damaging wind, large hail, and five tornadoes to the Missouri Ozarks from the evening of April 1st to the early morning hours of April 2nd. A tornado that occurred near Fair Grove was rated in EF-1. The four other tornadoes were rated EF-0 with three of them occurring from eastern Dallas County into Laclede County. The fourth EF-0 tornado occurred in St. James.||In addition to the tornadoes, storm surveys revealed several different swaths of damaging straight line wind speeds of 70-100 mph. Wind speeds of 90-100 mph caused roof damage to businesses in downtown Carthage with power poles and trees also snapped. Other swaths of significant wind damage occurred near Halltown, Elkland, and along the I-44 corridor from Waynesville to Rolla.||Several thunderstorms also produced hail from the size of quarters to tennis balls. Hail ranging from one to two inches in diameter occurred in an around Bolivar. Tennis ball size hail fell in the town of Maple Grove.",119
1174986,DALLAS CO.,LONG LANE,04/01/2024,2206,Tornado, ,EF0,0,0,200000,0,MO,CST-6, ,189023,C,59,SGF,0,0,NWS Storm Survey, ,1.14,200,3,ENE,4,E,LONG LANE,04/01/2024,2211,37.63,-92.87,37.6268,-92.8495,"NWS storm survey indicated an EF-0 tornado with peak winds of 80 mph uprooted or snapped over 100 trees as it moved east southeast across extreme eastern Dallas before crossing into Laclede County. Along its path in Dallas County the tornado rolled an unanchored mobile home, damaged the roof of a residence, and damaged multiple outbuildings.","Severe thunderstorms brought damaging wind, large hail, and five tornadoes to the Missouri Ozarks from the evening of April 1st to the early morning hours of April 2nd. A tornado that occurred near Fair Grove was rated in EF-1. The four other tornadoes were rated EF-0 with three of them occurring from eastern Dallas County into Laclede County. The fourth EF-0 tornado occurred in St. James.||In addition to the tornadoes, storm surveys revealed several different swaths of damaging straight line wind speeds of 70-100 mph. Wind speeds of 90-100 mph caused roof damage to businesses in downtown Carthage with power poles and trees also snapped. Other swaths of significant wind damage occurred near Halltown, Elkland, and along the I-44 corridor from Waynesville to Rolla.||Several thunderstorms also produced hail from the size of quarters to tennis balls. Hail ranging from one to two inches in diameter occurred in an around Bolivar. Tennis ball size hail fell in the town of Maple Grove.",120
1174989,LACLEDE CO.,PHILLIPSBURG,04/01/2024,2211,Tornado, ,EF0,0,0,0,0,MO,CST-6, ,189023,C,105,SGF,0,0,NWS Storm Survey, ,0.89,200,6,NNW,5,NNW,PHILLIPSBURG,04/01/2024,2214,37.6268,-92.8495,37.6214,-92.8347,"A NWS storm survey indicated an EF-0 tornado with peak winds of 80 mph uprooted or|snapped over 100 trees as it moved east southeast out of extreme eastern Dallas County and continued across extreme western Laclede Counties before lifting near the town of north northwest of Phillipsburg.","Severe thunderstorms brought damaging wind, large hail, and five tornadoes to the Missouri Ozarks from the evening of April 1st to the early morning hours of April 2nd. A tornado that occurred near Fair Grove was rated in EF-1. The four other tornadoes were rated EF-0 with three of them occurring from eastern Dallas County into Laclede County. The fourth EF-0 tornado occurred in St. James.||In addition to the tornadoes, storm surveys revealed several different swaths of damaging straight line wind speeds of 70-100 mph. Wind speeds of 90-100 mph caused roof damage to businesses in downtown Carthage with power poles and trees also snapped. Other swaths of significant wind damage occurred near Halltown, Elkland, and along the I-44 corridor from Waynesville to Rolla.||Several thunderstorms also produced hail from the size of quarters to tennis balls. Hail ranging from one to two inches in diameter occurred in an around Bolivar. Tennis ball size hail fell in the town of Maple Grove.",121
1174998,LACLEDE CO.,MORGAN,04/01/2024,2220,Tornado, ,EF0,0,0,100000,0,MO,CST-6, ,189023,C,105,SGF,0,0,NWS Storm Survey, ,2.16,100,1,S,1,NW,PEASE,04/01/2024,2227,37.51,-92.68,37.5062,-92.6409,"A NWS storm survey indicated an EF-0 tornado caused intermittent damage to outbuildings and trees along Highway J southeast of Phillipsburg. Some trees were uprooted and a few snapped with debris falling in a convergent pattern. Tornado width was 100 yards with maximum wind speeds of 70 to 80 mph.","Severe thunderstorms brought damaging wind, large hail, and five tornadoes to the Missouri Ozarks from the evening of April 1st to the early morning hours of April 2nd. A tornado that occurred near Fair Grove was rated in EF-1. The four other tornadoes were rated EF-0 with three of them occurring from eastern Dallas County into Laclede County. The fourth EF-0 tornado occurred in St. James.||In addition to the tornadoes, storm surveys revealed several different swaths of damaging straight line wind speeds of 70-100 mph. Wind speeds of 90-100 mph caused roof damage to businesses in downtown Carthage with power poles and trees also snapped. Other swaths of significant wind damage occurred near Halltown, Elkland, and along the I-44 corridor from Waynesville to Rolla.||Several thunderstorms also produced hail from the size of quarters to tennis balls. Hail ranging from one to two inches in diameter occurred in an around Bolivar. Tennis ball size hail fell in the town of Maple Grove.",122
1174995,LACLEDE CO.,RUSS,04/01/2024,2224,Tornado, ,EF0,0,0,75000,0,MO,CST-6, ,189023,C,105,SGF,0,0,NWS Storm Survey, ,2.3,100,1,E,3,ENE,RUSS,04/01/2024,2230,37.58,-92.59,37.59,-92.55,"A NWS storm survey concluded that an EF-0 tornado caused an intermittent path of damage to outbuildings including one large equipment barn. The associated convergent debris pattern of roofing panels and varying trees extended eastward along Camelia Road between Highway H and Royal Drive. The tornado had a width of 100 yards with maximum wind speeds of 80 mph.","Severe thunderstorms brought damaging wind, large hail, and five tornadoes to the Missouri Ozarks from the evening of April 1st to the early morning hours of April 2nd. A tornado that occurred near Fair Grove was rated in EF-1. The four other tornadoes were rated EF-0 with three of them occurring from eastern Dallas County into Laclede County. The fourth EF-0 tornado occurred in St. James.||In addition to the tornadoes, storm surveys revealed several different swaths of damaging straight line wind speeds of 70-100 mph. Wind speeds of 90-100 mph caused roof damage to businesses in downtown Carthage with power poles and trees also snapped. Other swaths of significant wind damage occurred near Halltown, Elkland, and along the I-44 corridor from Waynesville to Rolla.||Several thunderstorms also produced hail from the size of quarters to tennis balls. Hail ranging from one to two inches in diameter occurred in an around Bolivar. Tennis ball size hail fell in the town of Maple Grove.",123
1174978,PHELPS CO.,ST JAMES,04/01/2024,2327,Tornado, ,EF0,0,0,25000,0,MO,CST-6, ,189023,C,161,SGF,0,0,NWS Storm Survey, ,0.26,10,1,SE,1,ESE,ST JAMES,04/01/2024,2331,37.9955,-91.6116,37.997,-91.6073,"A NWS storm survey concluded that a brief and weak EF-0 tornado damaged small outbuildings at an elementary school before causing damage to a light pole at the football stadium. A school camera showed footage of the tornado as it crossed over a school building.","Severe thunderstorms brought damaging wind, large hail, and five tornadoes to the Missouri Ozarks from the evening of April 1st to the early morning hours of April 2nd. A tornado that occurred near Fair Grove was rated in EF-1. The four other tornadoes were rated EF-0 with three of them occurring from eastern Dallas County into Laclede County. The fourth EF-0 tornado occurred in St. James.||In addition to the tornadoes, storm surveys revealed several different swaths of damaging straight line wind speeds of 70-100 mph. Wind speeds of 90-100 mph caused roof damage to businesses in downtown Carthage with power poles and trees also snapped. Other swaths of significant wind damage occurred near Halltown, Elkland, and along the I-44 corridor from Waynesville to Rolla.||Several thunderstorms also produced hail from the size of quarters to tennis balls. Hail ranging from one to two inches in diameter occurred in an around Bolivar. Tennis ball size hail fell in the town of Maple Grove.",124
1173083,CAPE GIRARDEAU CO.,GORDONVILLE,04/02/2024,315,Tornado, ,EF0,0,0,5000,0,MO,CST-6, ,190642,C,31,PAH,0,0,NWS Storm Survey, ,0.44,150,3,ENE,3,E,GORDONVILLE,04/02/2024,316,37.3283,-89.6342,37.3274,-89.6263,"A brief EF-0 tornado uprooted a few trees and downed several large tree limbs along County Rd 319 in central Cape Girardeau County during the early morning hours. The tornadic circulation quickly diminished as the storm moved east, but continued to produce sporadic straight line wind damage as it moved east-southeast into the west side of Cape Girardeau. Peak winds were estimated at 80 mph.","Early morning, the surface low was located just north of St. Louis, Missouri, lifting to the NNE as it rapidly deepened. For Southeast Missouri, early morning effective bulk shear was around 60 kts, with a very high 25-30 kts of 0-1 km shear, while SRHs were around 200 m2/s2. MLCAPE was 1000-1500 J/kg, and mid-level lapse rates were 6.5 C/km. A 70-90 kt mid-level jet was west of the Quad State. A strong capping inversion suppressed storm activity in the evening, but the strong lift and upper level diffluence won out early morning. Two lines of storms developed after midnight in Southeast Missouri. The first had its southern end move through Perry County from 0100-0230CST. The latter was a very potent thunderstorm line racing eastward early morning April 2nd. Weaker thunderstorm activity occurred further south in the Ozark Foothills and near the bootheel. This line continued throughout the day all the way to West Virginia, being designated a derecho. For Southeast Missouri, 1 brief EF-0 tornado occurred west of Cape Girardeau, which transitioned into a microburst that progressed through residential areas in western Cape Girardeau city. Other instances of straight-line wind damage occurred in Cape Girardeau, Scott, and Stoddard Counties. According to county EMA, Cape Girardeau County had a total of 2 barns and 12 houses with reported damage.",125
1170902,NODAWAY CO.,MARYVILLE RANKIN ARP,04/16/2024,750,Tornado, ,EF0,0,0,0,0,MO,CST-6, ,189056,C,147,EAX,0,0,NWS Storm Survey, ,3.37,50,1,NNE,3,NNE,MARYVILLE,04/16/2024,753,40.3453,-94.8188,40.3909,-94.8417,"NWS storm survey confirms a 3.4 mile long EF-0 tornado on the east side of Maryville with max winds of 75 mph.","In the morning and afternoon hours of April 16th, a strong low pressure system brought severe weather to much of Missouri. Most of the storm reports were from damaging straight line winds, but there was large hail across NE Missouri and two confirmed tornadoes.",126
1170876,NODAWAY CO.,HOPKINS,04/16/2024,800,Tornado, ,EF1,0,0,0,0,MO,CST-6, ,189056,C,147,EAX,0,0,NWS Storm Survey, ,0.59,50,4,W,4,W,HOPKINS,04/16/2024,801,40.5455,-94.887,40.554,-94.8886,"NWS storm survey confirms a brief EF-1 tornado occurred around 9 AM local time west of Hopkins. The tornado damaged structures at two properties along State Highway FF.","In the morning and afternoon hours of April 16th, a strong low pressure system brought severe weather to much of Missouri. Most of the storm reports were from damaging straight line winds, but there was large hail across NE Missouri and two confirmed tornadoes.",127
1162671,CLAY CO.,PARADISE,04/16/2024,913,Tornado, ,EF1,0,0,0,0,MO,CST-6, ,189056,C,47,EAX,0,0,NWS Storm Survey, ,2.36,50,2,S,1,ESE,PARADISE,04/16/2024,918,39.3962,-94.528,39.4257,-94.5058,"NWS storm survey confirmed an EF-1 tornado at Smithville Lake in northwestern Clay County on the morning of April 16th. This tornado was associated with a mesovortex within a squall line. The tornado did most of its damage near Camp Branch Dr and Collins Road where it flipped a trailer and badly damaged a building owned by the Kansas City Trapshooters Association. The tornado ended near County Road W just east of the community of Paradise. In total, the tornado traveled about 2.3 miles, was 50 yards wide, and was rated as an EF-1 with peak winds of 95 mph.","In the morning and afternoon hours of April 16th, a strong low pressure system brought severe weather to much of Missouri. Most of the storm reports were from damaging straight line winds, but there was large hail across NE Missouri and two confirmed tornadoes.",128
1172626,ST. LOUIS CO.,ALLENTON,04/18/2024,1630,Tornado, ,EF0,0,0,0,0,MO,CST-6, ,190693,C,189,LSX,0,0,NWS Storm Survey, ,0.49,10,3,S,3,SSE,ALLENTON,04/18/2024,1631,38.464,-90.665,38.463,-90.657,"The tornado touched down in a subdivision southwest of Eureka in rural St. Louis County where it caused minor tree damage.","During the afternoon and evening of April 18, 2024, discrete supercell thunderstorms developed along a cold front moving through the bi-state area. These storms were initially capable of producing large hail and damaging wind gusts, but became tornadic as additional thunderstorms formed along the front. Due to the additional thunderstorms, storms congealed into a QLCS that impacted the St. Louis metro area. The QLCS was responsible for a tornado and straight line wind damage in this area. Fortunately, no injuries or fatalities were reported with these thunderstorms.",129
1172632,JEFFERSON CO.,HOENE SPG,04/18/2024,1631,Tornado, ,EF1,0,0,100000,0,MO,CST-6, ,190693,C,99,LSX,0,0,NWS Storm Survey, ,7.29,40,2,WNW,1,SSE,HIGH RIDGE,04/18/2024,1639,38.463,-90.657,38.456,-90.523,"The tornado touched down in a subdivision southwest of Eureka in rural St. Louis County where it caused minor tree damage.  The tornado moved east across the Meramec River into Jefferson County where it damaged two large metal outbuildings and snapped wooden electrical poles on Twin River Rd Between the Meramec and Big Rivers.  The tornado continued to the east where it caused tree damage before lifting southeast of High Ridge.","During the afternoon and evening of April 18, 2024, discrete supercell thunderstorms developed along a cold front moving through the bi-state area. These storms were initially capable of producing large hail and damaging wind gusts, but became tornadic as additional thunderstorms formed along the front. Due to the additional thunderstorms, storms congealed into a QLCS that impacted the St. Louis metro area. The QLCS was responsible for a tornado and straight line wind damage in this area. Fortunately, no injuries or fatalities were reported with these thunderstorms.",130
1175726,VERNON CO.,METZ,04/26/2024,1707,Tornado, ,EF1,0,0,40000,0,MO,CST-6, ,190944,C,217,SGF,0,0,NWS Storm Survey, ,3.42,95,3,WSW,1,NNW,METZ,04/26/2024,1713,37.99,-94.51,38.02,-94.46,"A NWS storm survey determined that an EF-1 tornado occurred 3 miles ENE of Stotesbury in Vernon County, MO. The path length was 3.4 miles with a width of 95 yards. Maximum wind speeds of 95 mph destroyed two outbuildings and caused a number of trees to be either uprooted or have large limbs snapped.","Flooding of small creeks and streams and major flooding along the Marmaton and Little Osage River basins occurred thanks to heavy rainfall. From 2 to 4 inches of rainfall on already saturated ground from previous rainfall in the 25th. Isolated severe storms produced brief tornadoes in Vernon and St. Clair Counties.",131
1178341,HOLT CO.,MAITLAND KNGLWOOD AR,04/26/2024,1714,Tornado, ,EFU,0,0,0,0,MO,CST-6, ,190474,C,87,EAX,0,0,Fire Department/Rescue, ,0.01,1,2,NE,2,NE,MAITLAND KNGLWOOD AR,04/26/2024,1714,40.2497,-95.0817,40.2497,-95.0817,"A very brief tornado was reported just north of Maitland. No damage was reported, so officially goes down as an EF unknown with no path length or path width.","On the afternoon hours of April 26th, supercells produced 4 brief EF-0 tornadoes in Bates and Henry Counties.",132
1170921,BATES CO.,PLEASANT GAP,04/26/2024,1736,Tornado, ,EF0,0,0,0,0,MO,CST-6, ,190474,C,13,EAX,0,0,NWS Storm Survey, ,0.85,50,3,ESE,3,ESE,PLEASANT GAP,04/26/2024,1741,38.1592,-94.1396,38.1586,-94.1241,"Storm survey found evidence of a brief, 0.8 mile EF-0 tornado in Bates County just southeast of the community of Pleasant Gap.","On the afternoon hours of April 26th, supercells produced 4 brief EF-0 tornadoes in Bates and Henry Counties.",133
1170922,BATES CO.,PLEASANT GAP,04/26/2024,1747,Tornado, ,EF0,0,0,0,0,MO,CST-6, ,190474,C,13,EAX,0,0,NWS Storm Survey, ,1.13,50,5,ESE,5,E,PLEASANT GAP,04/26/2024,1752,38.1655,-94.0981,38.1733,-94.0797,"Storm survey found evidence of a brief, 1.2 mile EF-0 tornado in Bates County just WSW of Appleton City Lake.","On the afternoon hours of April 26th, supercells produced 4 brief EF-0 tornadoes in Bates and Henry Counties.",134
1175748,ST. CLAIR CO.,APPLETON CITY,04/26/2024,1756,Tornado, ,EF0,0,0,20000,0,MO,CST-6, ,190944,C,185,SGF,0,0,NWS Storm Survey, ,0.17,50,1,WSW,1,WSW,APPLETON CITY,04/26/2024,1757,38.1911,-94.0508,38.192,-94.0479,"An NWS storm survey determined that a tornado briefly touched down Friday evening on Highway 52 at the Bates and St Clair county line, downing trees and power lines.","Flooding of small creeks and streams and major flooding along the Marmaton and Little Osage River basins occurred thanks to heavy rainfall. From 2 to 4 inches of rainfall on already saturated ground from previous rainfall in the 25th. Isolated severe storms produced brief tornadoes in Vernon and St. Clair Counties.",135
1178342,WORTH CO.,IRENA,04/26/2024,1823,Tornado, ,EF0,0,0,0,0,MO,CST-6, ,190474,C,227,EAX,0,0,NWS Storm Survey, ,1.16,50,1,NNW,2,NNE,IRENA,04/26/2024,1825,40.5585,-94.4058,40.5716,-94.3921,"NWS Des Moines storm survey found evidence of a EF-0 tornado beginning just northwest of Irena, tracking to the north northeast before crossing the Iowa border near US 169 and continuing into WFO Des Moines' area.","On the afternoon hours of April 26th, supercells produced 4 brief EF-0 tornadoes in Bates and Henry Counties.",136
1177100,HENRY CO.,CLINTON MEM ARPT,04/26/2024,1834,Tornado, ,EF0,0,0,0,0,MO,CST-6, ,190474,C,83,EAX,0,0,NWS Storm Survey, ,0.42,30,2,W,2,W,CLINTON MEM ARPT,04/26/2024,1835,38.3501,-93.7172,38.3515,-93.714,"Storm survey found evidence of a brief, 0.3 mile long EF-0 tornado on the east side of Clinton.","On the afternoon hours of April 26th, supercells produced 4 brief EF-0 tornadoes in Bates and Henry Counties.",137
1177101,HENRY CO.,CLINTON MEM ARPT,04/26/2024,1836,Tornado, ,EF0,0,0,0,0,MO,CST-6, ,190474,C,83,EAX,0,0,NWS Storm Survey, ,0.73,50,1,NNW,1,N,CLINTON MEM ARPT,04/26/2024,1837,38.3643,-93.6908,38.3665,-93.6777,"Storm survey found evidence of a second brief, 0.75 mile long EF-0 tornado on the east side of Clinton near the airport.","On the afternoon hours of April 26th, supercells produced 4 brief EF-0 tornadoes in Bates and Henry Counties.",138
1177108,GENTRY CO.,GENTRY,04/27/2024,1512,Tornado, ,EF1,0,0,0,0,MO,CST-6, ,191200,C,75,EAX,0,0,NWS Storm Survey, ,11.64,250,2,S,3,ESE,SILOAM CITY,04/27/2024,1526,40.2953,-94.4246,40.3534,-94.2171,"This EF1 tornado began near or just west of U.S. Highway 169 south of Gentry, where a tractor trailer was blown over. Little damage was observed as the tornado moved northeast to 558 Road. A residence at this location featured roof damage to the home, damage to multiple grain bins, and complete destruction of a small barn. Multiple tree limbs were downed in the area, and debris from inside the barn was strewn around the property. The tornado continued northeast from this location, but little damaged was observed beyond this point. The end point is estimated based on spotter reports of the tornado crossing into Harrison County before lifting, though it is possible the tornado ended before this.","On the afternoon and evening hours of April 27, severe storms impacted much of the WFO Kansas City county warning area.",139
1178328,GRUNDY CO.,SPICKARD,04/27/2024,1558,Tornado, ,EF0,0,0,0,0,MO,CST-6, ,191200,C,79,EAX,0,0,NWS Storm Survey, ,2.62,75,2,SE,2,ENE,SPICKARD,04/27/2024,1603,40.2269,-93.5739,40.2642,-93.5653,"A weak EF0 tornado began southeast of Spickard east of 7th Avenue, producing sporadic and intermittent tree damage along its path. The tornado tracked north-northeast across Hwy B and County Line Road into Mercer County before dissipating north of Jasper Road.","On the afternoon and evening hours of April 27, severe storms impacted much of the WFO Kansas City county warning area.",140
1178330,MERCER CO.,MILL GROVE,04/27/2024,1603,Tornado, ,EF0,0,0,0,0,MO,CST-6, ,191200,C,129,EAX,0,0,NWS Storm Survey, ,1.34,75,4,SSE,3,SE,MILL GROVE,04/27/2024,1607,40.265,-93.5645,40.2842,-93.5611,"A weak EF0 tornado began southeast of Spickard east of 7th Avenue, producing sporadic and intermittent tree damage along its path. The tornado tracked north-northeast across Hwy B and County Line Road into Mercer County before dissipating north of Jasper Road.","On the afternoon and evening hours of April 27, severe storms impacted much of the WFO Kansas City county warning area.",141
1177349,LINN CO.,BROOKFIELD APRT,04/27/2024,1737,Tornado, ,EFU,0,0,0,0,MO,CST-6, ,191200,C,115,EAX,0,0,Trained Spotter, ,0.06,5,1,N,1,N,BROOKFIELD APRT,04/27/2024,1737,39.7783,-93.1212,39.7783,-93.1212,"Trained spotter reported a very brief tornado west of Brookfield that coincided with an area of rotation on radar. No damage was found, so rated as a no track EF unknown tornado.","On the afternoon and evening hours of April 27, severe storms impacted much of the WFO Kansas City county warning area.",142
1177114,BATES CO.,BUTLER,04/27/2024,1923,Tornado, ,EF1,0,0,0,0,MO,CST-6, ,191200,C,13,EAX,0,0,NWS Storm Survey, ,2.55,150,3,SSE,4,ESE,BUTLER,04/27/2024,1926,38.2161,-94.3123,38.2215,-94.2657,"This tornado began just east of Route YY and just south of State Highway 52 southeast of Butler in Bates County, where minor tree damage was observed. The tornado strengthened as it moved east-northeast toward SH 52, snapping or uprooting several trees at a residence just south of the highway. The fallen trees were in a variety of directions, confirming the presence of a tornado. The tornado continued along the highway east past Route N, where power poles were damaged and additional minor tree damage was observed. The last signs of damage were just east of Route N, where small limbs were downed at a residence.","On the afternoon and evening hours of April 27, severe storms impacted much of the WFO Kansas City county warning area.",143
1177106,BATES CO.,ALTONA,04/27/2024,1930,Tornado, ,EF1,0,0,0,0,MO,CST-6, ,191200,C,13,EAX,0,0,NWS Storm Survey, ,9.85,250,3,S,4,NE,MAYESBURG,04/27/2024,1945,38.36,-94.222,38.4322,-94.065,"NWS Storm Survey confirmed a relatively long-track QLCS EF-1 tornado. This EF1 tornado began just south of Route 18 east of Passaic. Some of the worst damage of the tornado affected a farm property, where one outbuilding collapsed, another had a garage door blown off, and multiple trees were damaged or uprooted. Large debris from the damaged property was blown well northeast, in some cases over 100 yards. The tornado tracked northeast, damaging a grove of trees to the south of SH 18 and producing minor damage to an outbuilding and mobile home on the north side of the highway. The tornado then tracked northeast to Route T, producing sporadic tree damage and some minor property damage. The damage track continues east-northeast along County Road 13004, with continued sporadic tree damage. One of the larger trees fell onto a residence, damaging the property as well as to power lines. Intermittent tree damage continues northeast to Route BB and County Road 13003, with more significant tree damage eastward along Sunset Drive just west of the Henry County line. Damage becomes more intermittent eastward into Henry County, with no damage observed a half mile past the county line. However, much of this area north of 400 Road in Henry County is inaccessible, so it is possible the tornado continued a short distance longer to the north or northeast of the end of the track.","On the afternoon and evening hours of April 27, severe storms impacted much of the WFO Kansas City county warning area.",144
1177107,HENRY CO.,LUCAS,04/27/2024,1945,Tornado, ,EF1,0,0,0,0,MO,CST-6, ,191200,C,83,EAX,0,0,NWS Storm Survey, ,0.29,250,2,WNW,2,WNW,LUCAS,04/27/2024,1946,38.4321,-94.065,38.4338,-94.06,"NWS Storm Survey confirmed a relatively long-track QLCS EF-1 tornado. This EF1 tornado began just south of Route 18 east of Passaic. Some of the worst damage of the tornado affected a farm property, where one outbuilding collapsed, another had a garage door blown off, and multiple trees were damaged or uprooted. Large debris from the damaged property was blown well northeast, in some cases over 100 yards. The tornado tracked northeast, damaging a grove of trees to the south of SH 18 and producing minor damage to an outbuilding and mobile home on the north side of the highway. The tornado then tracked northeast to Route T, producing sporadic tree damage and some minor property damage. The damage track continues east-northeast along County Road 13004, with continued sporadic tree damage. One of the larger trees fell onto a residence, damaging the property as well as to power lines. Intermittent tree damage continues northeast to Route BB and County Road 13003, with more significant tree damage eastward along Sunset Drive just west of the Henry County line. Damage becomes more intermittent eastward into Henry County, with no damage observed a half mile past the county line. However, much of this area north of 400 Road in Henry County is inaccessible, so it is possible the tornado continued a short distance longer to the north or northeast of the end of the track.","On the afternoon and evening hours of April 27, severe storms impacted much of the WFO Kansas City county warning area.",145
1178326,HENRY CO.,PIPER,04/27/2024,1945,Tornado, ,EF0,0,0,0,0,MO,CST-6, ,191200,C,83,EAX,0,0,NWS Storm Survey, ,2.36,150,2,S,3,ESE,PIPER,04/27/2024,1948,38.3271,-94.0166,38.3308,-93.9733,"A brief EF0 tornado occurred north of Montrose from the same mesovortex that produced the tornado just southeast of Butler. The first signs of damage occurred just west of Route K, where a farm building had metal roofing damage, and small trees were downed. A larger tree was split just east of Route K, with other minor limbs downed in the area. The tornado moved through generally inaccessible property before reaching Route RA between County Roads 250 and 320, where multiple trees suffered damage. No damage was noted farther west or east of this path. Given that the tree damage was in a variety of directions, the damage confirms the presence of a brief tornado. The office also received spotter video of a power flash in this general area, with a strong indication of rotation on radar.","On the afternoon and evening hours of April 27, severe storms impacted much of the WFO Kansas City county warning area.",146
1175409,MORGAN CO.,FLORENCE,04/27/2024,2129,Tornado, ,EF0,0,0,0,0,MO,CST-6, ,190945,C,141,SGF,0,0,Emergency Manager, ,3.51,50,4,SW,1,W,FLORENCE,04/27/2024,2136,38.54,-93.04,38.58,-93,"A NWS storm survey determined that an EF-0 tornado traveled along Ehlers and Butterfield Trail Road to just southwest of Florence uprooting multiple trees and damaging limbs. Along the tornadoes three and an half mile track it had maximum sustained winds of 75 mph with a width of 50 yards.","Thunderstorms produced yet additional heavy rainfall and flooding. A severe storm moved across Morgan County producing a brief EF-0 tornado. Additional wind damage occurred prior to the tornado in Vernon and Benton counties.",147
1172720,MONITEAU CO.,TIPTON,04/27/2024,2159,Tornado, ,EF1,0,0,200000,0,MO,CST-6, ,190709,C,135,LSX,0,0,NWS Storm Survey, ,1.7,30,2,ENE,2,W,CLARKSBURG,04/27/2024,2200,38.669,-92.743,38.675,-92.713,"A tornado touched down along Alexander Road just east of intersection with Hays Road at 10:59 pm (northeast of Tipton, MO) snapping off several power poles. It tracked to the east snapping off several large trees, destroying an unoccupied mobile home, and causing minor roof damage to an outbuilding. Then the tornado veered, tracking to the northeast and causing damage to an open sided outbuilding after crossing over Cross Lane Road. The tornado soon lifted and dissipated just south of Old Twelve Highway. Overall, the tornado was rated EF1 with a path length of 1.70 miles and a max path width of 30 yards. No deaths or injuries were reported.","A line of thunderstorms entered central and northeast Missouri overnight on April 27th, causing isolated bouts of wind damage and a single tornado before de-intensifying within a few hours of arrival.",148
1175641,STONE CO.,UNION CITY,04/28/2024,1920,Tornado, ,EF0,0,0,10000,0,MO,CST-6, ,190947,C,209,SGF,0,0,NWS Storm Survey, ,0.41,100,1,S,1,SSE,UNION CITY,04/28/2024,1922,36.9646,-93.4721,36.9682,-93.4662,"A NWS storm survey determined that a brief, weak EF-0 tornado occurred in northern Stone County 3 miles NNE of Hurley near E Silver Lake Rd and K Highway. The path length was 0.41 miles and 100 yards wide. Maximum wind speeds of 80 mph caused trees to uproot and damage to a small barn.","Another round of thunderstorms produced additional heavy rainfall and flooding. A severe storm moved across northern Stone County producing a brief EF-0 tornado. Additional wind damage occurred across Cedar and Dade counties.",149
1167379,JASPER CO.,(JLN)JOPLIN MUNI ARP,05/02/2024,1240,Tornado, ,EF1,0,0,30000,0,MO,CST-6, ,189886,C,97,SGF,0,0,NWS Storm Survey, ,0.77,100,1,WNW,1,NW,(JLN)JOPLIN MUNI ARP,05/02/2024,1242,37.1546,-94.5204,37.16,-94.51,"NWS survey confirmed an EF-1 tornado with maximum wind speeds of 90 mph uprooted and or damaged numerous trees, including one that caused significant damage to a home as it fell. Four additional homes had roof and or siding damage.","Storms developed along a cold front, with rotation developing in Jasper County near Joplin. Areas of rotation continued to track through Jasper and Barton counties, with a confirmed tornado in Jasper County near Carl Junction.",150
1166219,PLATTE CO.,HOOVER,05/06/2024,2159,Tornado, ,EF0,0,0,0,0,MO,CST-6, ,189681,C,165,EAX,0,0,NWS Storm Survey, ,5.99,50,1,NE,3,E,RIDGELY,05/06/2024,2206,39.3769,-94.6713,39.4444,-94.6009,"NWS storm survey confirmed a 6 mile long EF-0 tornado that began near the community of Hoover in northeastern Platte County, moving to the northeast and ending on the Platte/Clay County line about two thirds of a mile south of the intersection of County Line Road and Ridgely Road. Peak wind gusts of 80 mph were estimated based upon damage indicators. Most damage was tree damage.","In the late evening hours of May 6th and early morning hours of May 7th, several severe linear features moved through Missouri from west to east. These produced widespread 60 mph straight line wind damage with numerous embedded QLCS mesovortices and a few confirmed QLCS tornadoes.",151
1166220,JACKSON CO.,BLUE SPGS,05/06/2024,2226,Tornado, ,EF1,0,0,0,0,MO,CST-6, ,189681,C,95,EAX,0,0,NWS Storm Survey, ,5.83,50,4,S,1,N,GRAIN VLY,05/06/2024,2235,38.9674,-94.2673,39.0345,-94.2016,"NWS storm survey confirmed a 5.5 mile long EF-1 tornado associated with a QLCS that began near the intersection of Missouri 7 Highway and Wyatt Road in south Blue Springs where it destroyed a small gazebo in a residential area. The tornado then continued to the northeast, where it damaged several commercial buildings on SW Eagles Parkway in Grain Valley. The tornado then crossed Interstate 70 in Grain Valley, where it blew over a semi truck and flipped two RV trailers from an RV dealership into a ditch. The damage path ended just north of Interstate 70 in Grain Valley. Estimated wind speeds were as high as 100 mph.","In the late evening hours of May 6th and early morning hours of May 7th, several severe linear features moved through Missouri from west to east. These produced widespread 60 mph straight line wind damage with numerous embedded QLCS mesovortices and a few confirmed QLCS tornadoes.",152
1167423,JASPER CO.,JOPLIN,05/06/2024,2229,Tornado, ,EF1,0,0,160000,0,MO,CST-6, ,189892,C,97,SGF,0,0,NWS Storm Survey, ,4.49,100,1,SSE,2,NW,DUENWEG,05/06/2024,2234,37.06,-94.51,37.1,-94.44,"NWS storm survey found a EF-1 tornado with an intermittent damage path across the  southeast and east side of Joplin into Duquesne. Maximum winds were estimated at 95 mph. Numerous tree limb damage and uprooted trees along with powerline damage were reported.","A shortwave trough and an associated cold front pushed through the Missouri Ozarks during the late evening of May 6, 2024 and into the early morning hours of May 7, 2024. Thunderstorms developed along the front west of the Ozarks, quickly growing upscale to a linear storm mode by the time they reached southwest Missouri. This line of thunderstorms pushed through the area, causing widespread wind damage, flash flooding, and several tornadoes.",153
1167418,JASPER CO.,MORGAN HGTS,05/06/2024,2238,Tornado, ,EF1,0,0,50000,0,MO,CST-6, ,189892,C,97,SGF,0,0,NWS Storm Survey, ,2.03,100,2,SW,0,N,MORGAN HGTS,05/06/2024,2239,37.155,-94.3751,37.17,-94.35,"NWS storm survey found an EF-1 tornado path just west of Carthage. Maximum winds were estimated at 95 mph. Trees were uprooted, powerlines were snapped, and several roofs were damaged.","A shortwave trough and an associated cold front pushed through the Missouri Ozarks during the late evening of May 6, 2024 and into the early morning hours of May 7, 2024. Thunderstorms developed along the front west of the Ozarks, quickly growing upscale to a linear storm mode by the time they reached southwest Missouri. This line of thunderstorms pushed through the area, causing widespread wind damage, flash flooding, and several tornadoes.",154
1172685,DADE CO.,HULSTAN,05/06/2024,2312,Tornado, ,EF0,0,0,10000,0,MO,CST-6, ,189892,C,57,SGF,0,0,NWS Storm Survey, ,0.44,200,1,SW,1,SSW,HULSTAN,05/06/2024,2314,37.437,-93.761,37.44,-93.754,"NWS storm survey team determined that a brief EF-0 tornado touched down near E Dade 96. Maximum wind speeds of 80 mph caused several trees to be uprooted.","A shortwave trough and an associated cold front pushed through the Missouri Ozarks during the late evening of May 6, 2024 and into the early morning hours of May 7, 2024. Thunderstorms developed along the front west of the Ozarks, quickly growing upscale to a linear storm mode by the time they reached southwest Missouri. This line of thunderstorms pushed through the area, causing widespread wind damage, flash flooding, and several tornadoes.",155
1167436,ST. CLAIR CO.,LOWRY CITY,05/06/2024,2321,Tornado, ,EF0,0,0,5000,0,MO,CST-6, ,189892,C,185,SGF,0,0,NWS Storm Survey, ,1,100,3,SSW,3,WSW,DAMASCUS,05/06/2024,2325,38.1025,-93.7422,38.1074,-93.7252,"A NWS storm survey determined a short lived EF-0 tornado touched down in this location. Maximum winds of 70-75 mph caused trees to be down in multiple directions. The storm continued to produce non-tornadic wind damage as it moved east of Highway 13.","A shortwave trough and an associated cold front pushed through the Missouri Ozarks during the late evening of May 6, 2024 and into the early morning hours of May 7, 2024. Thunderstorms developed along the front west of the Ozarks, quickly growing upscale to a linear storm mode by the time they reached southwest Missouri. This line of thunderstorms pushed through the area, causing widespread wind damage, flash flooding, and several tornadoes.",156
1172695,GREENE CO.,CAVE SPG,05/06/2024,2333,Tornado, ,EF0,0,1,67000,0,MO,CST-6, ,189892,C,77,SGF,0,0,NWS Storm Survey, ,14.02,150,2,S,5,N,HICKORY BARREN,05/06/2024,2349,37.3217,-93.465,37.419,-93.241,"A NWS storm survey team determined that an EF-0 tornado with maximum wind speeds of 80 mph touched down in Greene County and continued tracking northeast. The tornado both uprooted trees and downed large limbs out of numerous other trees, and damaged or destroyed several outbuildings along an intermittent path extending from Greene Hills Country Club northwest of Willard across northern Greene County before reaching the Greene/Polk County line. Two homes were damaged by falling trees, with one injury reported in one of these homes. The tornado continued to track into Polk and Dallas counties.","A shortwave trough and an associated cold front pushed through the Missouri Ozarks during the late evening of May 6, 2024 and into the early morning hours of May 7, 2024. Thunderstorms developed along the front west of the Ozarks, quickly growing upscale to a linear storm mode by the time they reached southwest Missouri. This line of thunderstorms pushed through the area, causing widespread wind damage, flash flooding, and several tornadoes.",157
1188178,JACKSON CO.,LEVASY,05/06/2024,2339,Tornado, ,EF0,0,0,0,0,MO,CST-6, ,189681,C,95,EAX,0,0,NWS Storm Survey, ,1.48,50,4,S,3,SSE,LEVASY,05/06/2024,2340,39.0772,-94.1199,39.095,-94.1045,"An EF0 tornado developed from the same mesovortex that produced the Grain Valley tornado a few minutes later. The tornado began north of Oak Grove, damaging trees at several farm residences along Hudnall Road and Doris Neer Road in far eastern Jackson County. The tornado moved northeast in northwestern Lafayette County, uprooting a tree along Old Santa Fe Trail and damaging several others northeast to State Highway 24. Utility wires were damaged by the tornado along the highway as well. The tornado then moved northeast, crossing Chestnut Street south of Napoleon. An outbuilding was damaged, and several trees were downed or snapped near their tops along this stretch. The tornado appears to have dissipated as it approached Napoleon, with only minor damage to tree limbs observed south of State Highway 224.","In the late evening hours of May 6th and early morning hours of May 7th, several severe linear features moved through Missouri from west to east. These produced widespread 60 mph straight line wind damage with numerous embedded QLCS mesovortices and a few confirmed QLCS tornadoes.",158
1188179,LAFAYETTE CO.,NAPOLEON,05/06/2024,2340,Tornado, ,EF0,0,0,0,0,MO,CST-6, ,189681,C,107,EAX,0,0,NWS Storm Survey, ,2.95,50,3,SW,0,SW,NAPOLEON,05/06/2024,2345,39.0943,-94.1041,39.1289,-94.072,"An EF0 tornado developed from the same mesovortex that produced the Grain Valley tornado a few minutes later. The tornado began north of Oak Grove, damaging trees at several farm residences along Hudnall Road and Doris Neer Road in far eastern Jackson County. The tornado moved northeast in northwestern Lafayette County, uprooting a tree along Old Santa Fe Trail and damaging several others northeast to State Highway 24. Utility wires were damaged by the tornado along the highway as well. The tornado then moved northeast, crossing Chestnut Street south of Napoleon. An outbuilding was damaged, and several trees were downed or snapped near their tops along this stretch. The tornado appears to have dissipated as it approached Napoleon, with only minor damage to tree limbs observed south of State Highway 224.","In the late evening hours of May 6th and early morning hours of May 7th, several severe linear features moved through Missouri from west to east. These produced widespread 60 mph straight line wind damage with numerous embedded QLCS mesovortices and a few confirmed QLCS tornadoes.",159
1172697,POLK CO.,TIN TOWN,05/06/2024,2349,Tornado, ,EF0,0,0,3000,0,MO,CST-6, ,189892,C,167,SGF,0,0,NWS Storm Survey, ,3.7,150,3,SW,1,ESE,TIN TOWN,05/06/2024,2353,37.419,-93.241,37.445,-93.182,"This is a continuation of an EF-0 tornado that touched down in Greene County. Once the tornado crossed into Polk County, it continued it's intermittent path northeast, intermittently uprooting trees and causing limb damage for 3.7 miles before crossing into Dallas County.","A shortwave trough and an associated cold front pushed through the Missouri Ozarks during the late evening of May 6, 2024 and into the early morning hours of May 7, 2024. Thunderstorms developed along the front west of the Ozarks, quickly growing upscale to a linear storm mode by the time they reached southwest Missouri. This line of thunderstorms pushed through the area, causing widespread wind damage, flash flooding, and several tornadoes.",160
1172699,DALLAS CO.,OLIVE,05/06/2024,2353,Tornado, ,EF0,0,0,3000,0,MO,CST-6, ,189892,C,59,SGF,0,0,NWS Storm Survey, ,0.97,150,2,W,1,W,OLIVE,05/06/2024,2355,37.445,-93.182,37.4515,-93.1663,"This is a continuation of an EF-0 tornado that touched down in Greene County and intermittently tracked northeast into Polk and Dallas counties. Once the tornado crossed into Dallas County, it continued for 0.97 miles, uprooting trees and snapping large limbs, before dissipating.","A shortwave trough and an associated cold front pushed through the Missouri Ozarks during the late evening of May 6, 2024 and into the early morning hours of May 7, 2024. Thunderstorms developed along the front west of the Ozarks, quickly growing upscale to a linear storm mode by the time they reached southwest Missouri. This line of thunderstorms pushed through the area, causing widespread wind damage, flash flooding, and several tornadoes.",161
1188181,PETTIS CO.,LAMONTE,05/07/2024,51,Tornado, ,EF1,0,0,0,0,MO,CST-6, ,189681,C,159,EAX,0,0,NWS Storm Survey, ,9.74,75,1,E,2,NNE,BEAMAN,05/07/2024,105,38.73,-93.3,38.78,-93.13,"An embedded circulation within a line of severe storms moving across the region resulted in an EF-1 tornado beginning northwest of Sedalia and continuing for 9.9 miles to the northeast. The tornado began shortly before 1 AM and lasted about 15 minutes.","In the late evening hours of May 6th and early morning hours of May 7th, several severe linear features moved through Missouri from west to east. These produced widespread 60 mph straight line wind damage with numerous embedded QLCS mesovortices and a few confirmed QLCS tornadoes.",162
1172701,PULASKI CO.,FRANKS,05/07/2024,128,Tornado, ,EF0,0,0,10000,0,MO,CST-6, ,189892,C,169,SGF,0,0,NWS Storm Survey, ,8.28,150,5,SW,4,NNE,FRANKS,05/07/2024,136,37.91,-92.12,38.001,-92.021,"NWS survey found an intermittent EF-0 tornado with maximum winds of 80 mph. The tornado touched down 6 miles south of Dixon near the Gasconade River and tracked to the northeast, uprooting several trees and snapping large limbs along its intermittent path. The tornado then continued its path into far northwest Phelps County and later Maries County.","A shortwave trough and an associated cold front pushed through the Missouri Ozarks during the late evening of May 6, 2024 and into the early morning hours of May 7, 2024. Thunderstorms developed along the front west of the Ozarks, quickly growing upscale to a linear storm mode by the time they reached southwest Missouri. This line of thunderstorms pushed through the area, causing widespread wind damage, flash flooding, and several tornadoes.",163
1172702,PHELPS CO.,SUGARTREE,05/07/2024,136,Tornado, ,EF0,0,0,1000,0,MO,CST-6, ,189892,C,161,SGF,0,0,NWS Storm Survey, ,0.48,150,3,NW,3,NW,SUGARTREE,05/07/2024,137,38.005,-92.021,38.01,-92.015,"This is a continuation of an EF-0 tornado that touched down in Pulaski County and tracked through far northwest Phelps County. As the tornado continued its northeastward track, it caused intermittent tree limb damage along the 0.48 miles of the Phelps County portion of the track before moving into Maries County.","A shortwave trough and an associated cold front pushed through the Missouri Ozarks during the late evening of May 6, 2024 and into the early morning hours of May 7, 2024. Thunderstorms developed along the front west of the Ozarks, quickly growing upscale to a linear storm mode by the time they reached southwest Missouri. This line of thunderstorms pushed through the area, causing widespread wind damage, flash flooding, and several tornadoes.",164
1172704,MARIES CO.,SHANTYTOWN,05/07/2024,137,Tornado, ,EF0,0,0,5000,0,MO,CST-6, ,189892,C,125,SGF,0,0,NWS Storm Survey, ,1.07,150,2,SE,3,ESE,SHANTYTOWN,05/07/2024,138,38.01,-92.015,38.02,-92,"This is a continuation of the EF-0 tornado that touched down in Pulaski County and tracked northeast into far northwest Phelps County and finally into Maries County. Once it crossed the Phelps/Maries County line, it continues its intermittent path for 1.07 miles, uprooting a few trees before lifting 5 miles northeast of Dixon.","A shortwave trough and an associated cold front pushed through the Missouri Ozarks during the late evening of May 6, 2024 and into the early morning hours of May 7, 2024. Thunderstorms developed along the front west of the Ozarks, quickly growing upscale to a linear storm mode by the time they reached southwest Missouri. This line of thunderstorms pushed through the area, causing widespread wind damage, flash flooding, and several tornadoes.",165
1188182,RANDOLPH CO.,MT AIRY,05/07/2024,143,Tornado, ,EF1,0,0,0,0,MO,CST-6, ,189681,C,175,EAX,0,0,NWS Storm Survey, ,8.27,250,3,ENE,1,W,MOBERLY,05/07/2024,156,39.39,-92.6,39.42,-92.45,"A tornado developed west of County Road 2160 in Randolph County during the early morning on May 7. It was initially weak, damaging mainly trees along County Road 2180 before it strengthened as it approached Route D. One property featured multiple small trees uprooted in various directions as well as minor roof damage. Along Route D, much larger trees were downed or uprooted, with more roof damage to property. A water tank was destroyed, with the top blown over 100 yards to the northeast. Just east of Route D, several trees were snapped at their tops in a large grove. The tornado then shifted northeastward, damaging a barn just west of Moberly as well as several trees. The tornado then reached the west side of Moberly, producing considerable tree damage just west and northwest of downtown. Several power lines and poles were downed near the intersection of Reed Street and Emerson Street. Multiple trees were downed to the northeast, including on Bond Street and Franklin Street. Some of these trees were uprooted, falling on property and causing considerable tree and vehicle damage. Shingle damage and broken windows were also visible at several locations. The tornado lifted just southwest of the railroad tracks, with sporadic straight-line wind damage noted to the northeast on the north side of Moberly.","In the late evening hours of May 6th and early morning hours of May 7th, several severe linear features moved through Missouri from west to east. These produced widespread 60 mph straight line wind damage with numerous embedded QLCS mesovortices and a few confirmed QLCS tornadoes.",166
1188183,RANDOLPH CO.,HIGBEE,05/07/2024,144,Tornado, ,EF0,0,0,0,0,MO,CST-6, ,189681,C,175,EAX,0,0,NWS Storm Survey, ,2.25,400,1,S,2,ESE,HIGBEE,05/07/2024,147,39.3,-92.52,39.31,-92.48,"An EF0 tornado developed just southwest of Higbee, damaging a large section of the southern part of town. Most of the damage was to trees, with the most significant damage occurring near the railroad tracks and along Highway A to the south of the tracks. An automobile was displaced a couple feet in a parking lot, and a trailer was blown into a business property. The property also featured significant roof damage. Multiple large trees were blown down, and smaller trees were uprooted. Some of these trees fell onto property, damaging a couple of vehicles and several residences. Several large trees were downed along Monroe Street as well. As the tornado moved northeast, it weakened, damaging mainly smaller trees and limbs before lifting near County Road 2560 northeast of town.","In the late evening hours of May 6th and early morning hours of May 7th, several severe linear features moved through Missouri from west to east. These produced widespread 60 mph straight line wind damage with numerous embedded QLCS mesovortices and a few confirmed QLCS tornadoes.",167
1173100,CRAWFORD CO.,HINCH,05/07/2024,244,Tornado, ,EF0,0,0,0,0,MO,CST-6, ,190743,C,55,LSX,0,0,NWS Storm Survey, ,0.72,75,3,NNW,3,NNW,HINCH,05/07/2024,245,38.105,-91.195,38.109,-91.183,"A tornado touched down just south of Miller Lane, about half a mile west southwest of intersection with Highway N (4 miles southeast of Bourbon). As it tracked to the northeast it snapped off or blew down numerous trees and tree limbs. It lifted and dissipated around two tenths of a mile northeast of the intersection of Miller Lane and Highway N. Overall, the tornado was rated EF0 with a path length of 0.72 miles and a max path width of 75 yards. No deaths or injuries were reported.","During the night on May 6th, 2024, a line of severe thunderstorms moved across western Missouri and impacted the NWS St. Louis forecast area during the early morning of May 7th. While damaging straight-line wind was observed across parts of the region, three QLCS tornadoes were detected.",168
1173102,FRANKLIN CO.,SULLIVAN,05/07/2024,245,Tornado, ,EF1,0,0,0,0,MO,CST-6, ,190743,C,71,LSX,0,0,NWS Storm Survey, ,0.31,150,1,ESE,1,E,SULLIVAN,05/07/2024,246,38.217,-91.137,38.219,-91.133,"A tornado touched down at Sullivan High School causing minor damage to the walkway roof cover. Then it tracked to the northeast, crossing East Vine Street, snapping off several tree limbs and uprooting a pine tree. Then it heavily damaged a restaurant before crossing Highway 185. Some of the debris from the restaurant was lofted into the trees across the highway. It uprooted several more trees and snapped off numerous tree limbs before lifting and dissipating just past the end of Elm Springs Hill Drive. Overall, the tornado was rated EF1 with a path length of 0.31 miles and a max path width of 150 yards. No deaths or injuries were reported.","During the night on May 6th, 2024, a line of severe thunderstorms moved across western Missouri and impacted the NWS St. Louis forecast area during the early morning of May 7th. While damaging straight-line wind was observed across parts of the region, three QLCS tornadoes were detected.",169
1173103,ST. CHARLES CO.,DEFIANCE,05/07/2024,321,Tornado, ,EF0,0,0,0,0,MO,CST-6, ,190743,C,183,LSX,0,0,NWS Storm Survey, ,2.23,50,3,NW,3,N,DEFIANCE,05/07/2024,322,38.665,-90.812,38.676,-90.773,"A tornado touched down just south of Indian Ridge Lane, 2.9 miles northwest of Defiance. As it tracked to the east northeast it snapped off or uprooted several large trees, as well as snapping off numerous tree limbs. No structural damage was reported. The tornado lifted and dissipated around 3 miles north of Defiance.  Overall, the tornado was rated EF0 with a path length of 2.23 miles and a max path width of 50 yards. No deaths or injuries were reported.","During the night on May 6th, 2024, a line of severe thunderstorms moved across western Missouri and impacted the NWS St. Louis forecast area during the early morning of May 7th. While damaging straight-line wind was observed across parts of the region, three QLCS tornadoes were detected.",170
1181941,CAPE GIRARDEAU CO.,EGYPT MILLS,05/08/2024,958,Tornado, ,EF0,0,0,10000,0,MO,CST-6, ,191478,C,31,PAH,0,0,NWS Storm Survey, ,0.16,50,3,S,3,S,EGYPT MILLS,05/08/2024,959,37.3535,-89.4773,37.3558,-89.4768,"A midday supercell produced a brief EF-0 tornado northeast of Cape Girardeau. A mobile home suffered some minor underpinning damage. Several large tree branches were broken. A resident's outdoor camera captured the small tornado on video. Estimated max winds with this tornado were 65 mph.","A major outbreak of severe weather occurred on the 8th for the Quad State region. On the synoptic scale, a longwave trough was centered across the Rockies with deep-layer southwesterly flow from the Southern Plains to the Ohio Valley. A 110 kt upper jet extended from northern KS to IA while a 60 kt mid-level jet was positioned across northern MZ into IA. Surface low pressure near the MZ/KS border lifted to St. Louis around 12am CST on the 9th. A warm frontal boundary stretched across the Quad State, with a cold front extending southward from the surface low. ||The environment became unstable by early afternoon, especially in SE Missouri, with MLCAPE of 3000 J/kg. Deep-layer shear was on the order of 55-65 kts, though low-level shear was 15 kts, increasing to 20 kts later in the day. SRH was around 100-150 m2/s2 with higher values north towards St. Louis. STP values were 2-3 due to deep-layer shear and instability. Supercell activity was more prominent during the afternoon to the east in Southern Illinois or Western Kentucky compared to Southeast Missouri. ||For Southeast Missouri, storms moved through with the cold front late evening on the 7th through the overnight hours with marginally severe wind gusts in Advance. The front reversed course and began lifting as a warm front in the morning. Though convective organization was mainly in Western Kentucky at first, late morning storms near the Missouri/Illinois border produced a brief EF-0 tornado northeast of Cape Girardeau. The mid-afternoon and late afternoon lines of storms had a glancing impact on northern portions of Southeast Missouri, with the late evening storm line finally pushing across, producing widespread wind damage in Ripley County and hail further east.",171
1173127,CRAWFORD CO.,JAKE PRAIRIE,05/08/2024,1004,Tornado, ,EF1,0,0,0,0,MO,CST-6, ,190749,C,55,LSX,0,0,NWS Storm Survey, ,2.24,75,3,SE,4,NNW,CUBA AIRSTRIP ARPT,05/08/2024,1008,38.137,-91.477,38.136,-91.437,"A tornado touched down on Jakes Prairie Road, about 6.5 miles northwest of Cuba. It uprooted and snapped off several large trees, then it tracked to the east. As it approached Four Mile Road it either uprooted or snapped off several more large trees before lifting and dissipating on Pleasant Valley Road, just west of intersection with Highway 19. Overall, the tornado was rated EF1 with a path length of 2.24 miles and a max path width of 75 yards. No deaths or injuries were reported.","The bi-state region was threatened with severe thunderstorms on May 8th. Numerous supercells produced very large hail most of the day, and a small QLCS produced multiple tornadoes in southeast Missouri.",172
1173818,BARRY CO.,MONETT ARPT,05/08/2024,1525,Tornado, ,EF1,0,0,55000,0,MO,CST-6, ,189891,C,9,SGF,0,0,NWS Storm Survey, ,3.26,150,1,SSE,4,WNW,PLEASANT RIDGE,05/08/2024,1529,36.91,-93.89,36.927,-93.835,"A NWS Survey team found EF-0 damage in northern Barry County as numerous large trees were uprooted. As the tornado continued to track northeast, it intensified to an EF-1 and caused damage to an outbuilding as well as the roofing material to a house just before crossing over the Barry/Lawrence County line, where it continued to track through southern Lawrence County.","Two rounds of severe thunderstorms occurred on May 8, 2024. The first round occurred during the morning and early afternoon hours as a surface low pressure system approached the area from the southwest, pushing a strong frontal boundary and shortwave energy/lift into the region. For this round, thunderstorms were more elevated in nature, producing hail up to golf ball size, damaging winds, and flash flooding due to heavy rain.||The second round of severe thunderstorms occurred during the mid-afternoon and evening hours as stronger lift approached the frontal boundary and additional thunderstorms developed along the front. Supercells produced hail up to 4 inches in diameter, widespread wind damage, flash flooding, and an EF-1 tornado in Barry and Lawrence counties.",173
1173828,LAWRENCE CO.,VERONA,05/08/2024,1529,Tornado, ,EF1,0,0,100000,0,MO,CST-6, ,189891,C,109,SGF,0,0,NWS Storm Survey, ,7.51,150,4,SSW,1,WNW,BONHAM,05/08/2024,1546,36.927,-93.835,36.94,-93.7,"This is a continuation of the tornado that touched down in northern Barry County. As it continued to track into Lawrence County, this tornado continued to cause EF-1 damage, resulting in downed powerlines, and roofing panels to be torn off of a barn. Continuing further northeast south of Aurora, a mobile home was flipped over, several trees were uprooted or snapped, powerlines were down, and several houses had roof damage.","Two rounds of severe thunderstorms occurred on May 8, 2024. The first round occurred during the morning and early afternoon hours as a surface low pressure system approached the area from the southwest, pushing a strong frontal boundary and shortwave energy/lift into the region. For this round, thunderstorms were more elevated in nature, producing hail up to golf ball size, damaging winds, and flash flooding due to heavy rain.||The second round of severe thunderstorms occurred during the mid-afternoon and evening hours as stronger lift approached the frontal boundary and additional thunderstorms developed along the front. Supercells produced hail up to 4 inches in diameter, widespread wind damage, flash flooding, and an EF-1 tornado in Barry and Lawrence counties.",174
1173179,REYNOLDS CO.,REDFORD,05/08/2024,1944,Tornado, ,EF0,0,0,0,0,MO,CST-6, ,190749,C,179,LSX,0,0,NWS Storm Survey, ,0.49,30,9,ESE,9,E,REDFORD,05/08/2024,1945,37.303,-90.761,37.306,-90.753,"A tornado touched down on County Road 456, 7.6 miles east southeast of Redford. It broke off numerous tree limbs as well as uprooting a large tree before crossing over into Iron County. The path length in Reynolds County was 0.49 miles with a max path width of 30 yards with a rating of EF0.","The bi-state region was threatened with severe thunderstorms on May 8th. Numerous supercells produced very large hail most of the day, and a small QLCS produced multiple tornadoes in southeast Missouri.",175
1173180,IRON CO.,VULCAN,05/08/2024,1945,Tornado, ,EF1,0,0,10000,0,MO,CST-6, ,190749,C,93,LSX,0,0,NWS Storm Survey, ,12.05,150,5,WSW,2,N,BRUNOT,05/08/2024,1957,37.306,-90.753,37.355,-90.549,"The tornado continued to track northeast along County Road 149. It snapped off or uprooted numerous trees. Also, a house sustained minor shingle damage to it���s roof. Then the tornado shifted it���s track a bit more easterly eventually crossing County Road 147, then Highway 49 around three quarters of a mile north of Vulcan.  As it crossed Highway F, 3.5 miles northeast of Vulcan, it uprooted several large trees. Then the tornado track shifted back to a northeasterly direction, crossing County Road 135, about 6 miles northeast of Vulcan, where it uprooted or snapped off several more large trees. Then the tornado crossed into southern Madison County. In Iron County, the path length was 12.05 miles with a max path width of 150 yards with a rating of EF1.","The bi-state region was threatened with severe thunderstorms on May 8th. Numerous supercells produced very large hail most of the day, and a small QLCS produced multiple tornadoes in southeast Missouri.",176
1173192,IRON CO.,ANNAPOLIS,05/08/2024,1949,Tornado, ,EF1,0,0,0,0,MO,CST-6, ,190749,C,93,LSX,0,0,NWS Storm Survey, ,2.56,250,1,SE,3,WSW,MINIMUM,05/08/2024,1951,37.36,-90.706,37.367,-90.663,"A tornado touched down on the west side of Annapolis, just west of County Road 142. As it crossed County Road 142, it uprooted a large tree. It tracked to the east northeast through town. As it approached Tabitha Street it took most of the roof off of a manufactured home just across the street from South Iron High School and South Iron Elementary School. It caused damage to the elementary school with a large section of roof lifted off, several walls blow over, and numerous windows broken. The tornado then crossed Highway 49 with a number of trees either uprooted or snapped off as it tracked to the east northeast. As it approached Highway C, more trees were uprooted before the tornado lifted and dissipated almost 2 miles east northeast of Annapolis. Overall, the tornado was rated EF1 with a path length of 2.56 miles and a max path width of 250 yards. No deaths or injuries were reported.","The bi-state region was threatened with severe thunderstorms on May 8th. Numerous supercells produced very large hail most of the day, and a small QLCS produced multiple tornadoes in southeast Missouri.",177
1173195,IRON CO.,VULCAN,05/08/2024,1950,Tornado, ,EF0,0,0,0,0,MO,CST-6, ,190749,C,93,LSX,0,0,NWS Storm Survey, ,0.59,75,2,N,2,NNE,VULCAN,05/08/2024,1951,37.347,-90.669,37.349,-90.659,"A tornado touched down 1.8 miles southeast of Annapolis, between Highway 49 and Highway F. As it tracked to the east northeast it uprooted or snapped off several large trees before crossing Highway F, then lifted and dissipated. Overall, the tornado was rated EF0 with a path length of 0.59 miles and a max path width of 75 yards. No deaths or injuries were reported.","The bi-state region was threatened with severe thunderstorms on May 8th. Numerous supercells produced very large hail most of the day, and a small QLCS produced multiple tornadoes in southeast Missouri.",178
1173198,IRON CO.,BRUNOT,05/08/2024,1953,Tornado, ,EF1,0,0,0,0,MO,CST-6, ,190749,C,93,LSX,0,0,NWS Storm Survey, ,1.67,150,2,WNW,2,NNW,BRUNOT,05/08/2024,1956,37.333,-90.59,37.342,-90.562,"A tornado touched down around 4.5 miles east northeast of Vulcan and tracked to the northeast. As it crossed Highway F it uprooted several large trees. Then as it approached County Road 135 it uprooted or snapped off several more large trees before lifting and dissipating. Overall, the tornado was rated EF1 with a path length of 1.67 miles and a max path width of 150 yards. No deaths or injuries were reported.","The bi-state region was threatened with severe thunderstorms on May 8th. Numerous supercells produced very large hail most of the day, and a small QLCS produced multiple tornadoes in southeast Missouri.",179
1173181,MADISON CO.,JEWETT,05/08/2024,1957,Tornado, ,EF0,0,0,0,0,MO,CST-6, ,190749,C,123,LSX,0,0,NWS Storm Survey, ,1.53,30,4,SW,3,WSW,FARO,05/08/2024,1958,37.355,-90.549,37.36,-90.522,"The tornado continued to track to the northeast for another 1.53 miles before lifting and dissipating. A few more large trees were uprooted on Highway FF near the intersection with County Road 451. In Madison County, the path length was 1.53 miles with a max path width of 30 yards with a rating of EF0. Overall, the tornado was rated EF1 with a path length of 14.07 miles and a max path width of 150 yards. No deaths or injuries were reported.","The bi-state region was threatened with severe thunderstorms on May 8th. Numerous supercells produced very large hail most of the day, and a small QLCS produced multiple tornadoes in southeast Missouri.",180
1173202,IRON CO.,ARCADIA,05/08/2024,2001,Tornado, ,EF1,0,0,0,0,MO,CST-6, ,190749,C,93,LSX,0,0,NWS Storm Survey, ,4.08,100,1,ENE,4,E,IRONTON,05/08/2024,2004,37.585,-90.635,37.593,-90.564,"A tornado touched down in the southwestern portion of Arcadia, near the intersection of W. Maple Street and S. Main Street. As it tracked to the east it uprooted or snapped off several large trees as it crossed Highway 21 and tracked along Highway 72. It eventually moved northeast, skirting the south shore of Lake Killarney snapping off more trees before lifting and dissipating near Ozark Drive. Overall, the tornado was rated EF1 with a path length of 4.08 miles and a max path width of 100 yards. No deaths or injuries were reported.","The bi-state region was threatened with severe thunderstorms on May 8th. Numerous supercells produced very large hail most of the day, and a small QLCS produced multiple tornadoes in southeast Missouri.",181
1173200,IRON CO.,IRONTON,05/08/2024,2001,Tornado, ,EF1,0,0,0,0,MO,CST-6, ,190749,C,93,LSX,0,0,NWS Storm Survey, ,5.37,150,1,S,5,E,IRONTON,05/08/2024,2005,37.592,-90.63,37.6,-90.535,"A tornado touched down in Arcadia just west of the intersection of North Main Street and Elm Street. It tracked to the east through town snapping off several large trees. After crossing Russellville Road, it either uprooted or snapped off several more large trees on the Arcadia Valley Golf Club. The tornado then began to track more northeasterly and skirted the north shore of Lake Killarney snapping off even more trees as it crossed Highway 72 then crossed it once again, remaining on the north side of Highway 72 before crossing into Madison County. The tornado was rated EF1 in Iron County with a path length of 5.37 miles and a max path width of 150 yards.","The bi-state region was threatened with severe thunderstorms on May 8th. Numerous supercells produced very large hail most of the day, and a small QLCS produced multiple tornadoes in southeast Missouri.",182
1173201,MADISON CO.,ROSELLE,05/08/2024,2005,Tornado, ,EF0,0,0,0,0,MO,CST-6, ,190749,C,123,LSX,0,0,NWS Storm Survey, ,6.64,75,0,W,1,NNW,OAK GROVE,05/08/2024,2009,37.6,-90.535,37.588,-90.415,"As the tornado moved into Madison County it began to move in a more south southeasterly direction, crossing over Highway 72 once again. It snapped off or uprooted numerous large trees throughout this portion of the tornado. Around 2.1 miles southeast of Roselle, it crossed over Highway 72 one final time and remained to the north of Highway 72 for the remainder of it���s path. The tornado lifted and dissipated 6.6 miles east southeast of Roselle. In Madison County, the tornado was rated EF0 with a path length of 6.64 miles and a max path width of 75 yards. Overall, the tornado was rated EF1 with a path length of 12.01 miles and a max path width of 150 yards. No deaths or injuries were reported.","The bi-state region was threatened with severe thunderstorms on May 8th. Numerous supercells produced very large hail most of the day, and a small QLCS produced multiple tornadoes in southeast Missouri.",183
1173203,MADISON CO.,MILLCREEK,05/08/2024,2006,Tornado, ,EF0,0,0,50000,0,MO,CST-6, ,190749,C,123,LSX,0,0,NWS Storm Survey, ,4.27,334,2,WNW,1,SE,STRINGTOWN,05/08/2024,2010,37.545,-90.361,37.569,-90.289,"A tornado touched down 3.8 miles southwest of Fredericktown on County Road 503, uprooting a large tree. The tornado tracked to the northeast towards Fredericktown, crossing over U.S. Highway 67, just south of intersection with Highway 72. On the northwest side of town it caused minor shingle damage to one house and blew down a few more large trees. Then on the north side of town, the tornado it blew a large portion of roof off of an open sided outbuilding, tore off a car port roof on a house and uprooted or snapped off several more large trees. The tornado then lifted and dissipated on Schulte Lane, just west of Highway 72. Overall, the tornado was rated EF0 with a path length of 4.27  miles and max path width of 334 yards. No deaths or injuries were reported.","The bi-state region was threatened with severe thunderstorms on May 8th. Numerous supercells produced very large hail most of the day, and a small QLCS produced multiple tornadoes in southeast Missouri.",184
1167095,TANEY CO.,RIDGEDALE,05/13/2024,1439,Tornado, ,EF0,0,0,0,0,MO,CST-6, ,189894,C,213,SGF,1,0,NWS Storm Survey, ,1.23,50,3,NNE,4,SSE,HOLLISTER,05/13/2024,1441,36.56,-93.22,36.57,-93.2,"A brief EF-0 tornado touched down at the Payne Valley Golf Course to the southeast of Hollister in Taney County. A NWS storm survey found broken tree branches and a few small trees snapped. No damage to homes or powerlines. No direct injuries due to the tornado. Maximum winds estimated at 70 mph, with a path length of 1.23 miles and a width of 50 yards.","A low pressure system moved through the region on May 13, 2024. Thunderstorms developed in the warm sector ahead of the low pressure during the afternoon and evening, producing damaging winds in Ozark County and heavy rain in Greene County. Additionally, a brief EF-0 tornado touched down at the Payne's Valley Golf Course southeast of Hollister, snapping a few small trees.",185
1168753,HENRY CO.,CALHOUN,05/21/2024,1625,Tornado, ,EF0,0,0,0,0,MO,CST-6, ,190064,C,83,EAX,0,0,NWS Storm Survey, ,0.35,50,2,E,2,E,CALHOUN,05/21/2024,1626,38.4646,-93.5936,38.4673,-93.5882,"At 5:26 PM CDT a brief EF-0 Tornado occurred east of Calhoun, MO just north of MO Hwy OO. The tornado lifted the roof off of a metal outbuilding, tossing the metal sides and roof to the north and northwest as well as some of the lighter contents of the structure. The tornado continued to track northeast for 0.35 miles, resulting in minor tree debris.","On the afternoon of May 21st, strong to severe storms developed over far eastern Kansas, and moved into western Missouri. These storms produced some hail, damaging wind gusts, and one tornado in Henry County.",186
1175172,TANEY CO.,BRADLEYVILLE,05/26/2024,232,Tornado, ,EF0,0,0,30000,0,MO,CST-6, ,190864,C,213,SGF,0,0,NWS Storm Survey, ,2,150,1,NW,2,NNE,BRADLEYVILLE,05/26/2024,236,36.7855,-92.91,36.809,-92.889,"A NWS storm survey concluded that an intermittent EF-0 tornado crossed Highway 125 one mile north of Bradleyville in Taney County, downing tree branches, then uprooting trees east of the Highway. As the tornado continued to track northeast, Sentinel-2 satellite data then indicated the tornado tracking into far southwestern Douglas County before dissipating.","A shortwave trough approached the Missouri Ozarks on May 25, 2024, priming the atmosphere for moderate instability and sufficient deep layer shear. Additionally a low level jet around 45 to 50 knots nosed into the area during the late evening hours and into the early morning hours of May 26, 2024, further amplifying low level flow into the region. As a result, supercell thunderstorms developed and slid into the Missouri Ozarks during the overnight hours May 25 into May 26, 2024. These supercells produced hail between quarter and baseball size and flooding with rainfall totals between 3-4 inches. Widespread damaging winds were also observed, including a large swath of 70-80 mph winds in Barry county. Additionally, six tornadoes touched down across the Missouri Ozarks, producing damage ranging from EF-0 to EF-1 criteria.",187
1175171,DADE CO.,MEINERT,05/26/2024,233,Tornado, ,EF0,0,0,95000,0,MO,CST-6, ,190864,C,57,SGF,0,0,NWS Storm Survey, ,3.1,75,5,WSW,3,SW,MEINERT,05/26/2024,238,37.3155,-94.0835,37.3041,-94.0324,"A NWS storm survey found an EF-0 tornado with maximum winds of 85 mph in southwest Dade County. Damage to trees and a barn occurred. An irrigation system was also flipped. A tornado debris signature was seen on radar at the time of the tornado.","A shortwave trough approached the Missouri Ozarks on May 25, 2024, priming the atmosphere for moderate instability and sufficient deep layer shear. Additionally a low level jet around 45 to 50 knots nosed into the area during the late evening hours and into the early morning hours of May 26, 2024, further amplifying low level flow into the region. As a result, supercell thunderstorms developed and slid into the Missouri Ozarks during the overnight hours May 25 into May 26, 2024. These supercells produced hail between quarter and baseball size and flooding with rainfall totals between 3-4 inches. Widespread damaging winds were also observed, including a large swath of 70-80 mph winds in Barry county. Additionally, six tornadoes touched down across the Missouri Ozarks, producing damage ranging from EF-0 to EF-1 criteria.",188
1175574,DOUGLAS CO.,CROSS RDS,05/26/2024,236,Tornado, ,EF0,0,0,20000,0,MO,CST-6, ,190864,C,67,SGF,0,0,NWS Storm Survey, ,2,150,4,SW,2,SSW,CROSS RDS,05/26/2024,239,36.809,-92.889,36.8245,-92.8584,"A NWS storm survey concluded that an intermittent EF-0 tornado touched down one mile north of Bradleyville in Taney county and tracked northeast into Douglas County. Utilizing Sentinel-2 satellite data, swirl marks were evident in Douglas County as the tornado tracked across an open field and then damaged trees into a hill before dissipating.","A shortwave trough approached the Missouri Ozarks on May 25, 2024, priming the atmosphere for moderate instability and sufficient deep layer shear. Additionally a low level jet around 45 to 50 knots nosed into the area during the late evening hours and into the early morning hours of May 26, 2024, further amplifying low level flow into the region. As a result, supercell thunderstorms developed and slid into the Missouri Ozarks during the overnight hours May 25 into May 26, 2024. These supercells produced hail between quarter and baseball size and flooding with rainfall totals between 3-4 inches. Widespread damaging winds were also observed, including a large swath of 70-80 mph winds in Barry county. Additionally, six tornadoes touched down across the Missouri Ozarks, producing damage ranging from EF-0 to EF-1 criteria.",189
1175236,WRIGHT CO.,MIDWAY,05/26/2024,239,Tornado, ,EF1,0,0,100000,0,MO,CST-6, ,190864,C,229,SGF,0,0,NWS Storm Survey, ,2.25,1200,3,S,1,ESE,MIDWAY,05/26/2024,244,37.1833,-92.6515,37.2123,-92.6329,"A NWS storm survey concluded that an EF-1 tornado touched down in a hilly wooded area to the northwest Mansfield near Highway F and quickly intensified to producing winds to 100 mph. Numerous trees were downed across portions of Davies and Red Oak Roads before dissipating near Highway V.","A shortwave trough approached the Missouri Ozarks on May 25, 2024, priming the atmosphere for moderate instability and sufficient deep layer shear. Additionally a low level jet around 45 to 50 knots nosed into the area during the late evening hours and into the early morning hours of May 26, 2024, further amplifying low level flow into the region. As a result, supercell thunderstorms developed and slid into the Missouri Ozarks during the overnight hours May 25 into May 26, 2024. These supercells produced hail between quarter and baseball size and flooding with rainfall totals between 3-4 inches. Widespread damaging winds were also observed, including a large swath of 70-80 mph winds in Barry county. Additionally, six tornadoes touched down across the Missouri Ozarks, producing damage ranging from EF-0 to EF-1 criteria.",190
1175174,DALLAS CO.,FOOSE,05/26/2024,311,Tornado, ,EF0,0,0,18000,0,MO,CST-6, ,190864,C,59,SGF,0,0,NWS Storm Survey, ,0.75,100,1,E,1,NNE,FOOSE,05/26/2024,314,37.5689,-93.14,37.5796,-93.1422,"A brief EF-0 tornado touched down 5 miles southwest of Buffalo, with maximum wind speeds of 65 mph and a width of 100 yards. Numerous large branches were found broken and a few trees were snapped or uprooted along the tornado path. One home sustained shingle damage to its roof.","A shortwave trough approached the Missouri Ozarks on May 25, 2024, priming the atmosphere for moderate instability and sufficient deep layer shear. Additionally a low level jet around 45 to 50 knots nosed into the area during the late evening hours and into the early morning hours of May 26, 2024, further amplifying low level flow into the region. As a result, supercell thunderstorms developed and slid into the Missouri Ozarks during the overnight hours May 25 into May 26, 2024. These supercells produced hail between quarter and baseball size and flooding with rainfall totals between 3-4 inches. Widespread damaging winds were also observed, including a large swath of 70-80 mph winds in Barry county. Additionally, six tornadoes touched down across the Missouri Ozarks, producing damage ranging from EF-0 to EF-1 criteria.",191
1175173,OZARK CO.,WILLHOLT,05/26/2024,319,Tornado, ,EF0,0,0,5000,0,MO,CST-6, ,190864,C,153,SGF,0,0,NWS Storm Survey, ,4.86,50,2,ENE,2,ESE,BRIXEY,05/26/2024,328,36.6948,-92.4592,36.7412,-92.3933,"A NWS storm survey concluded that an EF-0 tornado started over the Caney Mountain Conservation Area east of Willhoit and travelled northeast for almost 5 miles. The tornado uprooted several trees and snapped large limbs along its path. A tornado debris signature was present on radar for the duration of this tornado.","A shortwave trough approached the Missouri Ozarks on May 25, 2024, priming the atmosphere for moderate instability and sufficient deep layer shear. Additionally a low level jet around 45 to 50 knots nosed into the area during the late evening hours and into the early morning hours of May 26, 2024, further amplifying low level flow into the region. As a result, supercell thunderstorms developed and slid into the Missouri Ozarks during the overnight hours May 25 into May 26, 2024. These supercells produced hail between quarter and baseball size and flooding with rainfall totals between 3-4 inches. Widespread damaging winds were also observed, including a large swath of 70-80 mph winds in Barry county. Additionally, six tornadoes touched down across the Missouri Ozarks, producing damage ranging from EF-0 to EF-1 criteria.",192
1175175,OREGON CO.,CALM,05/26/2024,504,Tornado, ,EF0,0,1,200000,0,MO,CST-6, ,190864,C,149,SGF,0,0,NWS Storm Survey, ,4.15,400,3,SSW,3,SE,CALM,05/26/2024,512,36.5094,-91.1988,36.5215,-91.1256,"A NWS storm survey concluded that an EF-1 tornado occurred in far southeast Oregon County to the east of Myrtle. Two homes suffered siding damage, five barns/outbuildings were destroyed, along with numerous trees suffering damage that ranged from limb damage to being uprooted along County Road 288 before the tornado crossed the Eleven Point River near the Myrtle Access and crossed into Ripley County north of County Road 286. One injury was reported. Damage cost estimates only include the Oregon County portion of the tornado track.","A shortwave trough approached the Missouri Ozarks on May 25, 2024, priming the atmosphere for moderate instability and sufficient deep layer shear. Additionally a low level jet around 45 to 50 knots nosed into the area during the late evening hours and into the early morning hours of May 26, 2024, further amplifying low level flow into the region. As a result, supercell thunderstorms developed and slid into the Missouri Ozarks during the overnight hours May 25 into May 26, 2024. These supercells produced hail between quarter and baseball size and flooding with rainfall totals between 3-4 inches. Widespread damaging winds were also observed, including a large swath of 70-80 mph winds in Barry county. Additionally, six tornadoes touched down across the Missouri Ozarks, producing damage ranging from EF-0 to EF-1 criteria.",193
1188114,RIPLEY CO.,TUCKER,05/26/2024,512,Tornado, ,EF2,0,0,575000,0,MO,CST-6, ,191491,C,181,PAH,0,0,NWS Storm Survey, ,31.24,400,4,WSW,2,E,FAIRDEALING,05/26/2024,537,36.5215,-91.1256,36.6669,-90.5923,"A long track EF-2 tornado began in southeastern Oregon County before crossing over into Ripley County south of Gatewood. A garage was pulled off of a cabin near the Fourche Creek Conservation area. The track then turned northeastward, then reverted to an eastward direction south of Doniphan. Afterwards, the track continued northeastward towards Fairdealing. Wind appears to have caught the overhang of the roof of a home and mostly removed it, pulling down some exterior walls in the process. The tornado crossed into Butler County just north of US-160E. Several homes sustained gutter and shingle damage along the path. Hundreds of trees were uprooted and snapped along the tornado track blocking access to many roads. A large majority of Ripley County lost power as a result of this tornado and the other morning storms, with roughly half the county still without power by midnight. Estimated peak winds for the Ripley County portion, and the tornado as a whole, were 115 mph.","The second major severe weather outbreak for the month occurred on the 26th for the Quad State region. On the synoptic scale, a shortwave trough centered in the middle of the country with a 60 kt mid-level jet moved across northern Arkansas. A weak surface low was moving into SE Missouri during the morning with a secondary low located further northwest. A warm frontal boundary was draped across our area. A bowing line progressed east across SE Missouri into W Kentucky and far S Illinois between 0500-1000CST, followed by a mostly sub-severe second line that exited the region by 1300CST. The environment recovered producing fuel for more severe storms, starting with supercells 1800-2100CST with a line of storms moving east-southeastward across the entire Quad State after 1900CST, crossing through by midnight. Across the Quad State, this event produced the record for most tornado track miles in a single day in office history, along with the second most warnings issued in a day (just behind the May 8, 2024 event). Widespread straight-line wind and tornado damage resulted in over 100,000 customers without power across the Quad State. ||For the morning, MLCAPE values at 0700CST were 1000-2500 J/kg in SE Missouri. Effective bulk shear was 40-50 kts with STP of 1-3. Precipitable water was 1.6-1.9 inches, allowing for torrential rainfall rates.||The morning round of storms produced widespread straight-line wind damage across the southernmost portions of SE Missouri, especially Ripley to Stoddard Counties. Three strong tornadoes occurred during the early morning in SE Missouri. The first was a long-track EF-2 tornado beginning in Oregon County, then crossed the entirety of Ripley County before lifting on the SW side of Poplar Bluff. A destructive downburst in Dexter transitioned into an EF-2 tornado that tracked northeastward to southeast of Morley in Scott County. An EF-3 tornado that began in far eastern Stoddard County moved northeastward through Sikeston to Diehlstadt with widespread damage in Sikeston. One person (43m, indirect) in Southeast Sikeston lost his life due to a falling tree branch during cleanup. Another person (51f, indirect) in Morehouse died as a result of an unattended candle, used for lighting during the resulting power outage, causing a house fire. Flash flooding occurred in several counties in SE Missouri as a result of high rain rates with the first round of storms, with late morning storms extending flood duration. A majority of Ripley, Butler, Stoddard, and New Madrid Counties were without power as of late morning, with significant outages also occurring in Wayne, Scott, and Mississippi Counties.||Heading into the evening, MLCAPE values at 1800CST were 3500-4500 J/kg in SE Missouri. For SE Missouri, effective bulk shear rose to 45-55 kts, with SRH around 200-250 m2/s2 and STP of 2-4. 0-1 km shear was 15-20 kts. Mid-level lapse rates were 7-7.5 C/km. DCAPE of 1200-1500 J/kg provided ample opportunity for downburst winds.||Late afternoon to early evening supercells were mainly in S Illinois and W Kentucky. The few in SE Missouri approached far western counties. After several chaser videos of tornadoes west of Carter County, the cold front caught up to the storm and Carter County primarily had straight-line wind damage as a result, with a brief EF-0 tornado. Another tornado, an EF-1, entered Bollinger County southeast of Marquand. Several straight-line wind reports were received, along with more flash flooding as lingering high water and saturated soils from the day were quickly reinvigorated. 2-5 inches of rain fell across the southern two rows of counties, with some of the highest rainfall totals near the Black River and south of Cape Girardeau. More power outages occurred with Carter and Bollinger County outages, along with the seven counties from the morning with substantial outage numbers, continuing through the night. The Black River briefly flooded in Poplar Bluff following this storm.",194
1188116,BUTLER CO.,PARKS,05/26/2024,537,Tornado, ,EF1,0,0,275000,0,MO,CST-6, ,191491,C,23,PAH,0,0,NWS Storm Survey, ,10.06,400,3,NNW,2,WSW,POPLAR BLUFF,05/26/2024,547,36.6669,-90.5923,36.7431,-90.4374,"An EF-2 tornado (max of EF-1 in Butler County) began in far southeast Oregon County, then tracked northeastward across the entirety of Ripley County before entering Butler County just north of US-160. The track continued into the western edge of Poplar Bluff with minor roof and shingle damage to homes. Hundreds of trees were uprooted and snapped along the tornado track. Several homes sustained gutter and shingle damage. Estimated peak winds with the Butler County portion of this tornado were 105 mph.","The second major severe weather outbreak for the month occurred on the 26th for the Quad State region. On the synoptic scale, a shortwave trough centered in the middle of the country with a 60 kt mid-level jet moved across northern Arkansas. A weak surface low was moving into SE Missouri during the morning with a secondary low located further northwest. A warm frontal boundary was draped across our area. A bowing line progressed east across SE Missouri into W Kentucky and far S Illinois between 0500-1000CST, followed by a mostly sub-severe second line that exited the region by 1300CST. The environment recovered producing fuel for more severe storms, starting with supercells 1800-2100CST with a line of storms moving east-southeastward across the entire Quad State after 1900CST, crossing through by midnight. Across the Quad State, this event produced the record for most tornado track miles in a single day in office history, along with the second most warnings issued in a day (just behind the May 8, 2024 event). Widespread straight-line wind and tornado damage resulted in over 100,000 customers without power across the Quad State. ||For the morning, MLCAPE values at 0700CST were 1000-2500 J/kg in SE Missouri. Effective bulk shear was 40-50 kts with STP of 1-3. Precipitable water was 1.6-1.9 inches, allowing for torrential rainfall rates.||The morning round of storms produced widespread straight-line wind damage across the southernmost portions of SE Missouri, especially Ripley to Stoddard Counties. Three strong tornadoes occurred during the early morning in SE Missouri. The first was a long-track EF-2 tornado beginning in Oregon County, then crossed the entirety of Ripley County before lifting on the SW side of Poplar Bluff. A destructive downburst in Dexter transitioned into an EF-2 tornado that tracked northeastward to southeast of Morley in Scott County. An EF-3 tornado that began in far eastern Stoddard County moved northeastward through Sikeston to Diehlstadt with widespread damage in Sikeston. One person (43m, indirect) in Southeast Sikeston lost his life due to a falling tree branch during cleanup. Another person (51f, indirect) in Morehouse died as a result of an unattended candle, used for lighting during the resulting power outage, causing a house fire. Flash flooding occurred in several counties in SE Missouri as a result of high rain rates with the first round of storms, with late morning storms extending flood duration. A majority of Ripley, Butler, Stoddard, and New Madrid Counties were without power as of late morning, with significant outages also occurring in Wayne, Scott, and Mississippi Counties.||Heading into the evening, MLCAPE values at 1800CST were 3500-4500 J/kg in SE Missouri. For SE Missouri, effective bulk shear rose to 45-55 kts, with SRH around 200-250 m2/s2 and STP of 2-4. 0-1 km shear was 15-20 kts. Mid-level lapse rates were 7-7.5 C/km. DCAPE of 1200-1500 J/kg provided ample opportunity for downburst winds.||Late afternoon to early evening supercells were mainly in S Illinois and W Kentucky. The few in SE Missouri approached far western counties. After several chaser videos of tornadoes west of Carter County, the cold front caught up to the storm and Carter County primarily had straight-line wind damage as a result, with a brief EF-0 tornado. Another tornado, an EF-1, entered Bollinger County southeast of Marquand. Several straight-line wind reports were received, along with more flash flooding as lingering high water and saturated soils from the day were quickly reinvigorated. 2-5 inches of rain fell across the southern two rows of counties, with some of the highest rainfall totals near the Black River and south of Cape Girardeau. More power outages occurred with Carter and Bollinger County outages, along with the seven counties from the morning with substantial outage numbers, continuing through the night. The Black River briefly flooded in Poplar Bluff following this storm.",195
1188165,STODDARD CO.,DEXTER,05/26/2024,607,Tornado, ,EF2,0,0,125000,0,MO,CST-6, ,191491,C,207,PAH,0,0,NWS Storm Survey, ,16.88,300,1,SE,3,W,DURNELL,05/26/2024,621,36.7952,-89.942,36.9438,-89.6995,"An EF-2 tornado began on the east side of Dexter. Moving east-northeast, the tornado downed numerous trees along its path. Northeast of Essex, the tornado downed a few large wooden power transmission lines. The tornado then turned to the northeast and eventually north-northeast, crossing the Little River into Scott County. Estimated peak winds in Stoddard County, and for the tornado as a whole, were 125 mph.","The second major severe weather outbreak for the month occurred on the 26th for the Quad State region. On the synoptic scale, a shortwave trough centered in the middle of the country with a 60 kt mid-level jet moved across northern Arkansas. A weak surface low was moving into SE Missouri during the morning with a secondary low located further northwest. A warm frontal boundary was draped across our area. A bowing line progressed east across SE Missouri into W Kentucky and far S Illinois between 0500-1000CST, followed by a mostly sub-severe second line that exited the region by 1300CST. The environment recovered producing fuel for more severe storms, starting with supercells 1800-2100CST with a line of storms moving east-southeastward across the entire Quad State after 1900CST, crossing through by midnight. Across the Quad State, this event produced the record for most tornado track miles in a single day in office history, along with the second most warnings issued in a day (just behind the May 8, 2024 event). Widespread straight-line wind and tornado damage resulted in over 100,000 customers without power across the Quad State. ||For the morning, MLCAPE values at 0700CST were 1000-2500 J/kg in SE Missouri. Effective bulk shear was 40-50 kts with STP of 1-3. Precipitable water was 1.6-1.9 inches, allowing for torrential rainfall rates.||The morning round of storms produced widespread straight-line wind damage across the southernmost portions of SE Missouri, especially Ripley to Stoddard Counties. Three strong tornadoes occurred during the early morning in SE Missouri. The first was a long-track EF-2 tornado beginning in Oregon County, then crossed the entirety of Ripley County before lifting on the SW side of Poplar Bluff. A destructive downburst in Dexter transitioned into an EF-2 tornado that tracked northeastward to southeast of Morley in Scott County. An EF-3 tornado that began in far eastern Stoddard County moved northeastward through Sikeston to Diehlstadt with widespread damage in Sikeston. One person (43m, indirect) in Southeast Sikeston lost his life due to a falling tree branch during cleanup. Another person (51f, indirect) in Morehouse died as a result of an unattended candle, used for lighting during the resulting power outage, causing a house fire. Flash flooding occurred in several counties in SE Missouri as a result of high rain rates with the first round of storms, with late morning storms extending flood duration. A majority of Ripley, Butler, Stoddard, and New Madrid Counties were without power as of late morning, with significant outages also occurring in Wayne, Scott, and Mississippi Counties.||Heading into the evening, MLCAPE values at 1800CST were 3500-4500 J/kg in SE Missouri. For SE Missouri, effective bulk shear rose to 45-55 kts, with SRH around 200-250 m2/s2 and STP of 2-4. 0-1 km shear was 15-20 kts. Mid-level lapse rates were 7-7.5 C/km. DCAPE of 1200-1500 J/kg provided ample opportunity for downburst winds.||Late afternoon to early evening supercells were mainly in S Illinois and W Kentucky. The few in SE Missouri approached far western counties. After several chaser videos of tornadoes west of Carter County, the cold front caught up to the storm and Carter County primarily had straight-line wind damage as a result, with a brief EF-0 tornado. Another tornado, an EF-1, entered Bollinger County southeast of Marquand. Several straight-line wind reports were received, along with more flash flooding as lingering high water and saturated soils from the day were quickly reinvigorated. 2-5 inches of rain fell across the southern two rows of counties, with some of the highest rainfall totals near the Black River and south of Cape Girardeau. More power outages occurred with Carter and Bollinger County outages, along with the seven counties from the morning with substantial outage numbers, continuing through the night. The Black River briefly flooded in Poplar Bluff following this storm.",196
1188176,STODDARD CO.,BUFFINGTON,05/26/2024,615,Tornado, ,EF1,0,0,5000,0,MO,CST-6, ,191491,C,207,PAH,0,0,NWS Storm Survey, ,1.2,50,2,SSE,2,SE,BUFFINGTON,05/26/2024,616,36.8013,-89.7204,36.8118,-89.7032,"An EF-3 tornado (peak of EF-1 in Stoddard County) formed near County Road 793, snapping a power pole, then tracked northeastward, crossing into New Madrid County at County Road 799. Peak winds for the brief Stoddard County segment of the tornado were 90 mph.","The second major severe weather outbreak for the month occurred on the 26th for the Quad State region. On the synoptic scale, a shortwave trough centered in the middle of the country with a 60 kt mid-level jet moved across northern Arkansas. A weak surface low was moving into SE Missouri during the morning with a secondary low located further northwest. A warm frontal boundary was draped across our area. A bowing line progressed east across SE Missouri into W Kentucky and far S Illinois between 0500-1000CST, followed by a mostly sub-severe second line that exited the region by 1300CST. The environment recovered producing fuel for more severe storms, starting with supercells 1800-2100CST with a line of storms moving east-southeastward across the entire Quad State after 1900CST, crossing through by midnight. Across the Quad State, this event produced the record for most tornado track miles in a single day in office history, along with the second most warnings issued in a day (just behind the May 8, 2024 event). Widespread straight-line wind and tornado damage resulted in over 100,000 customers without power across the Quad State. ||For the morning, MLCAPE values at 0700CST were 1000-2500 J/kg in SE Missouri. Effective bulk shear was 40-50 kts with STP of 1-3. Precipitable water was 1.6-1.9 inches, allowing for torrential rainfall rates.||The morning round of storms produced widespread straight-line wind damage across the southernmost portions of SE Missouri, especially Ripley to Stoddard Counties. Three strong tornadoes occurred during the early morning in SE Missouri. The first was a long-track EF-2 tornado beginning in Oregon County, then crossed the entirety of Ripley County before lifting on the SW side of Poplar Bluff. A destructive downburst in Dexter transitioned into an EF-2 tornado that tracked northeastward to southeast of Morley in Scott County. An EF-3 tornado that began in far eastern Stoddard County moved northeastward through Sikeston to Diehlstadt with widespread damage in Sikeston. One person (43m, indirect) in Southeast Sikeston lost his life due to a falling tree branch during cleanup. Another person (51f, indirect) in Morehouse died as a result of an unattended candle, used for lighting during the resulting power outage, causing a house fire. Flash flooding occurred in several counties in SE Missouri as a result of high rain rates with the first round of storms, with late morning storms extending flood duration. A majority of Ripley, Butler, Stoddard, and New Madrid Counties were without power as of late morning, with significant outages also occurring in Wayne, Scott, and Mississippi Counties.||Heading into the evening, MLCAPE values at 1800CST were 3500-4500 J/kg in SE Missouri. For SE Missouri, effective bulk shear rose to 45-55 kts, with SRH around 200-250 m2/s2 and STP of 2-4. 0-1 km shear was 15-20 kts. Mid-level lapse rates were 7-7.5 C/km. DCAPE of 1200-1500 J/kg provided ample opportunity for downburst winds.||Late afternoon to early evening supercells were mainly in S Illinois and W Kentucky. The few in SE Missouri approached far western counties. After several chaser videos of tornadoes west of Carter County, the cold front caught up to the storm and Carter County primarily had straight-line wind damage as a result, with a brief EF-0 tornado. Another tornado, an EF-1, entered Bollinger County southeast of Marquand. Several straight-line wind reports were received, along with more flash flooding as lingering high water and saturated soils from the day were quickly reinvigorated. 2-5 inches of rain fell across the southern two rows of counties, with some of the highest rainfall totals near the Black River and south of Cape Girardeau. More power outages occurred with Carter and Bollinger County outages, along with the seven counties from the morning with substantial outage numbers, continuing through the night. The Black River briefly flooded in Poplar Bluff following this storm.",197
1188446,NEW MADRID CO.,MOREHOUSE,05/26/2024,616,Tornado, ,EF3,0,0,350000,0,MO,CST-6, ,191491,C,143,PAH,0,1,NWS Storm Survey, ,6.17,300,3,SSW,4,ENE,MOREHOUSE,05/26/2024,623,36.8118,-89.7032,36.8616,-89.6105,"An EF-3 tornado formed near County Road 793 in Stoddard County, then tracked northeastward into New Madrid County at County Road 799. Continuing northeastward, the tornado badly damaged a well-built brick home east of Morehouse, removing its roof and collapsing most of the exterior walls. One home in Morehouse burned down due to an unattended candle used during a power outage caused by the tornado, resulting in one fatality (51f, indirect). The tornado crossed into Scott County at Butler St in southwest Sikeston. Peak winds for the New Madrid County portion, and the tornado as a whole, were 140 mph.","The second major severe weather outbreak for the month occurred on the 26th for the Quad State region. On the synoptic scale, a shortwave trough centered in the middle of the country with a 60 kt mid-level jet moved across northern Arkansas. A weak surface low was moving into SE Missouri during the morning with a secondary low located further northwest. A warm frontal boundary was draped across our area. A bowing line progressed east across SE Missouri into W Kentucky and far S Illinois between 0500-1000CST, followed by a mostly sub-severe second line that exited the region by 1300CST. The environment recovered producing fuel for more severe storms, starting with supercells 1800-2100CST with a line of storms moving east-southeastward across the entire Quad State after 1900CST, crossing through by midnight. Across the Quad State, this event produced the record for most tornado track miles in a single day in office history, along with the second most warnings issued in a day (just behind the May 8, 2024 event). Widespread straight-line wind and tornado damage resulted in over 100,000 customers without power across the Quad State. ||For the morning, MLCAPE values at 0700CST were 1000-2500 J/kg in SE Missouri. Effective bulk shear was 40-50 kts with STP of 1-3. Precipitable water was 1.6-1.9 inches, allowing for torrential rainfall rates.||The morning round of storms produced widespread straight-line wind damage across the southernmost portions of SE Missouri, especially Ripley to Stoddard Counties. Three strong tornadoes occurred during the early morning in SE Missouri. The first was a long-track EF-2 tornado beginning in Oregon County, then crossed the entirety of Ripley County before lifting on the SW side of Poplar Bluff. A destructive downburst in Dexter transitioned into an EF-2 tornado that tracked northeastward to southeast of Morley in Scott County. An EF-3 tornado that began in far eastern Stoddard County moved northeastward through Sikeston to Diehlstadt with widespread damage in Sikeston. One person (43m, indirect) in Southeast Sikeston lost his life due to a falling tree branch during cleanup. Another person (51f, indirect) in Morehouse died as a result of an unattended candle, used for lighting during the resulting power outage, causing a house fire. Flash flooding occurred in several counties in SE Missouri as a result of high rain rates with the first round of storms, with late morning storms extending flood duration. A majority of Ripley, Butler, Stoddard, and New Madrid Counties were without power as of late morning, with significant outages also occurring in Wayne, Scott, and Mississippi Counties.||Heading into the evening, MLCAPE values at 1800CST were 3500-4500 J/kg in SE Missouri. For SE Missouri, effective bulk shear rose to 45-55 kts, with SRH around 200-250 m2/s2 and STP of 2-4. 0-1 km shear was 15-20 kts. Mid-level lapse rates were 7-7.5 C/km. DCAPE of 1200-1500 J/kg provided ample opportunity for downburst winds.||Late afternoon to early evening supercells were mainly in S Illinois and W Kentucky. The few in SE Missouri approached far western counties. After several chaser videos of tornadoes west of Carter County, the cold front caught up to the storm and Carter County primarily had straight-line wind damage as a result, with a brief EF-0 tornado. Another tornado, an EF-1, entered Bollinger County southeast of Marquand. Several straight-line wind reports were received, along with more flash flooding as lingering high water and saturated soils from the day were quickly reinvigorated. 2-5 inches of rain fell across the southern two rows of counties, with some of the highest rainfall totals near the Black River and south of Cape Girardeau. More power outages occurred with Carter and Bollinger County outages, along with the seven counties from the morning with substantial outage numbers, continuing through the night. The Black River briefly flooded in Poplar Bluff following this storm.",198
1188168,SCOTT CO.,TANNER,05/26/2024,621,Tornado, ,EF2,0,0,90000,0,MO,CST-6, ,191491,C,201,PAH,0,0,NWS Storm Survey, ,8.7,300,2,NNW,2,ESE,MORLEY,05/26/2024,628,36.9438,-89.6995,37.0365,-89.5928,"An EF-2 tornado began on the east side of Dexter, then shifted from east-northeasterly towards north-northeasterly on its trek across Stoddard County, crossing the Little River into Scott County. As the tornado approached Crowder, the tornado destroyed a newer, well-built barn. In Crowder, numerous trees were uprooted and lost large limbs. Just east of Vanduser, the tornado removed most of a newer metal roof from a house. The tornado finally veered more to the northeast, snapping tree limbs and overturning irrigation equipment before lifting just east of the community of Morley. Estimated peak winds for the Scott County portion of the tornado were 115 mph.","The second major severe weather outbreak for the month occurred on the 26th for the Quad State region. On the synoptic scale, a shortwave trough centered in the middle of the country with a 60 kt mid-level jet moved across northern Arkansas. A weak surface low was moving into SE Missouri during the morning with a secondary low located further northwest. A warm frontal boundary was draped across our area. A bowing line progressed east across SE Missouri into W Kentucky and far S Illinois between 0500-1000CST, followed by a mostly sub-severe second line that exited the region by 1300CST. The environment recovered producing fuel for more severe storms, starting with supercells 1800-2100CST with a line of storms moving east-southeastward across the entire Quad State after 1900CST, crossing through by midnight. Across the Quad State, this event produced the record for most tornado track miles in a single day in office history, along with the second most warnings issued in a day (just behind the May 8, 2024 event). Widespread straight-line wind and tornado damage resulted in over 100,000 customers without power across the Quad State. ||For the morning, MLCAPE values at 0700CST were 1000-2500 J/kg in SE Missouri. Effective bulk shear was 40-50 kts with STP of 1-3. Precipitable water was 1.6-1.9 inches, allowing for torrential rainfall rates.||The morning round of storms produced widespread straight-line wind damage across the southernmost portions of SE Missouri, especially Ripley to Stoddard Counties. Three strong tornadoes occurred during the early morning in SE Missouri. The first was a long-track EF-2 tornado beginning in Oregon County, then crossed the entirety of Ripley County before lifting on the SW side of Poplar Bluff. A destructive downburst in Dexter transitioned into an EF-2 tornado that tracked northeastward to southeast of Morley in Scott County. An EF-3 tornado that began in far eastern Stoddard County moved northeastward through Sikeston to Diehlstadt with widespread damage in Sikeston. One person (43m, indirect) in Southeast Sikeston lost his life due to a falling tree branch during cleanup. Another person (51f, indirect) in Morehouse died as a result of an unattended candle, used for lighting during the resulting power outage, causing a house fire. Flash flooding occurred in several counties in SE Missouri as a result of high rain rates with the first round of storms, with late morning storms extending flood duration. A majority of Ripley, Butler, Stoddard, and New Madrid Counties were without power as of late morning, with significant outages also occurring in Wayne, Scott, and Mississippi Counties.||Heading into the evening, MLCAPE values at 1800CST were 3500-4500 J/kg in SE Missouri. For SE Missouri, effective bulk shear rose to 45-55 kts, with SRH around 200-250 m2/s2 and STP of 2-4. 0-1 km shear was 15-20 kts. Mid-level lapse rates were 7-7.5 C/km. DCAPE of 1200-1500 J/kg provided ample opportunity for downburst winds.||Late afternoon to early evening supercells were mainly in S Illinois and W Kentucky. The few in SE Missouri approached far western counties. After several chaser videos of tornadoes west of Carter County, the cold front caught up to the storm and Carter County primarily had straight-line wind damage as a result, with a brief EF-0 tornado. Another tornado, an EF-1, entered Bollinger County southeast of Marquand. Several straight-line wind reports were received, along with more flash flooding as lingering high water and saturated soils from the day were quickly reinvigorated. 2-5 inches of rain fell across the southern two rows of counties, with some of the highest rainfall totals near the Black River and south of Cape Girardeau. More power outages occurred with Carter and Bollinger County outages, along with the seven counties from the morning with substantial outage numbers, continuing through the night. The Black River briefly flooded in Poplar Bluff following this storm.",199
1188450,SCOTT CO.,SIKESTON,05/26/2024,623,Tornado, ,EF1,0,0,1000,0,MO,CST-6, ,191491,C,201,PAH,0,0,NWS Storm Survey, ,0.4,200,2,SW,2,SW,SIKESTON,05/26/2024,624,36.8616,-89.6105,36.8647,-89.6044,"An EF-3 tornado (max EF-1 in this portion of Scott County) formed in Stoddard County, then tracked northeastward through New Madrid County into Scott County at Butler St in southwest Sikeston. Damage to trees, along with some damage to roofs, occurred along Butler St, Shelby Dr, and Dempster St, before crossing back briefly into New Madrid County. Peak winds for this Scott County portion were 100 mph.","The second major severe weather outbreak for the month occurred on the 26th for the Quad State region. On the synoptic scale, a shortwave trough centered in the middle of the country with a 60 kt mid-level jet moved across northern Arkansas. A weak surface low was moving into SE Missouri during the morning with a secondary low located further northwest. A warm frontal boundary was draped across our area. A bowing line progressed east across SE Missouri into W Kentucky and far S Illinois between 0500-1000CST, followed by a mostly sub-severe second line that exited the region by 1300CST. The environment recovered producing fuel for more severe storms, starting with supercells 1800-2100CST with a line of storms moving east-southeastward across the entire Quad State after 1900CST, crossing through by midnight. Across the Quad State, this event produced the record for most tornado track miles in a single day in office history, along with the second most warnings issued in a day (just behind the May 8, 2024 event). Widespread straight-line wind and tornado damage resulted in over 100,000 customers without power across the Quad State. ||For the morning, MLCAPE values at 0700CST were 1000-2500 J/kg in SE Missouri. Effective bulk shear was 40-50 kts with STP of 1-3. Precipitable water was 1.6-1.9 inches, allowing for torrential rainfall rates.||The morning round of storms produced widespread straight-line wind damage across the southernmost portions of SE Missouri, especially Ripley to Stoddard Counties. Three strong tornadoes occurred during the early morning in SE Missouri. The first was a long-track EF-2 tornado beginning in Oregon County, then crossed the entirety of Ripley County before lifting on the SW side of Poplar Bluff. A destructive downburst in Dexter transitioned into an EF-2 tornado that tracked northeastward to southeast of Morley in Scott County. An EF-3 tornado that began in far eastern Stoddard County moved northeastward through Sikeston to Diehlstadt with widespread damage in Sikeston. One person (43m, indirect) in Southeast Sikeston lost his life due to a falling tree branch during cleanup. Another person (51f, indirect) in Morehouse died as a result of an unattended candle, used for lighting during the resulting power outage, causing a house fire. Flash flooding occurred in several counties in SE Missouri as a result of high rain rates with the first round of storms, with late morning storms extending flood duration. A majority of Ripley, Butler, Stoddard, and New Madrid Counties were without power as of late morning, with significant outages also occurring in Wayne, Scott, and Mississippi Counties.||Heading into the evening, MLCAPE values at 1800CST were 3500-4500 J/kg in SE Missouri. For SE Missouri, effective bulk shear rose to 45-55 kts, with SRH around 200-250 m2/s2 and STP of 2-4. 0-1 km shear was 15-20 kts. Mid-level lapse rates were 7-7.5 C/km. DCAPE of 1200-1500 J/kg provided ample opportunity for downburst winds.||Late afternoon to early evening supercells were mainly in S Illinois and W Kentucky. The few in SE Missouri approached far western counties. After several chaser videos of tornadoes west of Carter County, the cold front caught up to the storm and Carter County primarily had straight-line wind damage as a result, with a brief EF-0 tornado. Another tornado, an EF-1, entered Bollinger County southeast of Marquand. Several straight-line wind reports were received, along with more flash flooding as lingering high water and saturated soils from the day were quickly reinvigorated. 2-5 inches of rain fell across the southern two rows of counties, with some of the highest rainfall totals near the Black River and south of Cape Girardeau. More power outages occurred with Carter and Bollinger County outages, along with the seven counties from the morning with substantial outage numbers, continuing through the night. The Black River briefly flooded in Poplar Bluff following this storm.",200
1188464,NEW MADRID CO.,MOREHOUSE,05/26/2024,624,Tornado, ,EF1,0,0,1000,0,MO,CST-6, ,191491,C,143,PAH,0,0,NWS Storm Survey, ,0.31,200,4,ENE,5,ENE,MOREHOUSE,05/26/2024,625,36.8647,-89.6044,36.8669,-89.5995,"An EF-3 tornado (max EF-1 for this second New Madrid County portion) formed in Stoddard County, then tracked northeastward through New Madrid County into Scott County at Butler St in southwest Sikeston, then crossing back briefly into New Madrid County. The track goes through Branum St, crossing back over to Scott County at Montgomery St where a tree was snapped. Peak winds for this second New Madrid portion were 100 mph.","The second major severe weather outbreak for the month occurred on the 26th for the Quad State region. On the synoptic scale, a shortwave trough centered in the middle of the country with a 60 kt mid-level jet moved across northern Arkansas. A weak surface low was moving into SE Missouri during the morning with a secondary low located further northwest. A warm frontal boundary was draped across our area. A bowing line progressed east across SE Missouri into W Kentucky and far S Illinois between 0500-1000CST, followed by a mostly sub-severe second line that exited the region by 1300CST. The environment recovered producing fuel for more severe storms, starting with supercells 1800-2100CST with a line of storms moving east-southeastward across the entire Quad State after 1900CST, crossing through by midnight. Across the Quad State, this event produced the record for most tornado track miles in a single day in office history, along with the second most warnings issued in a day (just behind the May 8, 2024 event). Widespread straight-line wind and tornado damage resulted in over 100,000 customers without power across the Quad State. ||For the morning, MLCAPE values at 0700CST were 1000-2500 J/kg in SE Missouri. Effective bulk shear was 40-50 kts with STP of 1-3. Precipitable water was 1.6-1.9 inches, allowing for torrential rainfall rates.||The morning round of storms produced widespread straight-line wind damage across the southernmost portions of SE Missouri, especially Ripley to Stoddard Counties. Three strong tornadoes occurred during the early morning in SE Missouri. The first was a long-track EF-2 tornado beginning in Oregon County, then crossed the entirety of Ripley County before lifting on the SW side of Poplar Bluff. A destructive downburst in Dexter transitioned into an EF-2 tornado that tracked northeastward to southeast of Morley in Scott County. An EF-3 tornado that began in far eastern Stoddard County moved northeastward through Sikeston to Diehlstadt with widespread damage in Sikeston. One person (43m, indirect) in Southeast Sikeston lost his life due to a falling tree branch during cleanup. Another person (51f, indirect) in Morehouse died as a result of an unattended candle, used for lighting during the resulting power outage, causing a house fire. Flash flooding occurred in several counties in SE Missouri as a result of high rain rates with the first round of storms, with late morning storms extending flood duration. A majority of Ripley, Butler, Stoddard, and New Madrid Counties were without power as of late morning, with significant outages also occurring in Wayne, Scott, and Mississippi Counties.||Heading into the evening, MLCAPE values at 1800CST were 3500-4500 J/kg in SE Missouri. For SE Missouri, effective bulk shear rose to 45-55 kts, with SRH around 200-250 m2/s2 and STP of 2-4. 0-1 km shear was 15-20 kts. Mid-level lapse rates were 7-7.5 C/km. DCAPE of 1200-1500 J/kg provided ample opportunity for downburst winds.||Late afternoon to early evening supercells were mainly in S Illinois and W Kentucky. The few in SE Missouri approached far western counties. After several chaser videos of tornadoes west of Carter County, the cold front caught up to the storm and Carter County primarily had straight-line wind damage as a result, with a brief EF-0 tornado. Another tornado, an EF-1, entered Bollinger County southeast of Marquand. Several straight-line wind reports were received, along with more flash flooding as lingering high water and saturated soils from the day were quickly reinvigorated. 2-5 inches of rain fell across the southern two rows of counties, with some of the highest rainfall totals near the Black River and south of Cape Girardeau. More power outages occurred with Carter and Bollinger County outages, along with the seven counties from the morning with substantial outage numbers, continuing through the night. The Black River briefly flooded in Poplar Bluff following this storm.",201
1188473,SCOTT CO.,SIKESTON,05/26/2024,625,Tornado, ,EF2,0,0,1400000,0,MO,CST-6, ,191491,C,201,PAH,0,0,NWS Storm Survey, ,11.49,300,1,SW,0,S,DIEHLSTADT,05/26/2024,635,36.8669,-89.5995,36.9631,-89.4299,"An EF-3 tornado (max EF-2 for this second Scott County portion) formed in Stoddard County, then tracked northeastward through New Madrid County into Scott County at Butler St in southwest Sikeston, then crossing back briefly into New Madrid County, re-entering Scott County near the intersection of Montgomery St and W Murray Ln. The tornado did extensive and severe tree damage through the south side of Sikeston. Approaching and crossing Malone Ave, the tornado removed part of the roof of a school building and a nearby former farm supply store, where cinder block walls also collapsed. North of Malone Ave, the tornado collapsed a tall wooden light pole at a ball field, and removed most of the roof of a house. The tornado turned more northeast as it exited Sikeston, doing damage to trees, power lines, and outbuildings before ending in the community of Diehlstadt. Peak winds for this second Scott County portion were 120 mph.","The second major severe weather outbreak for the month occurred on the 26th for the Quad State region. On the synoptic scale, a shortwave trough centered in the middle of the country with a 60 kt mid-level jet moved across northern Arkansas. A weak surface low was moving into SE Missouri during the morning with a secondary low located further northwest. A warm frontal boundary was draped across our area. A bowing line progressed east across SE Missouri into W Kentucky and far S Illinois between 0500-1000CST, followed by a mostly sub-severe second line that exited the region by 1300CST. The environment recovered producing fuel for more severe storms, starting with supercells 1800-2100CST with a line of storms moving east-southeastward across the entire Quad State after 1900CST, crossing through by midnight. Across the Quad State, this event produced the record for most tornado track miles in a single day in office history, along with the second most warnings issued in a day (just behind the May 8, 2024 event). Widespread straight-line wind and tornado damage resulted in over 100,000 customers without power across the Quad State. ||For the morning, MLCAPE values at 0700CST were 1000-2500 J/kg in SE Missouri. Effective bulk shear was 40-50 kts with STP of 1-3. Precipitable water was 1.6-1.9 inches, allowing for torrential rainfall rates.||The morning round of storms produced widespread straight-line wind damage across the southernmost portions of SE Missouri, especially Ripley to Stoddard Counties. Three strong tornadoes occurred during the early morning in SE Missouri. The first was a long-track EF-2 tornado beginning in Oregon County, then crossed the entirety of Ripley County before lifting on the SW side of Poplar Bluff. A destructive downburst in Dexter transitioned into an EF-2 tornado that tracked northeastward to southeast of Morley in Scott County. An EF-3 tornado that began in far eastern Stoddard County moved northeastward through Sikeston to Diehlstadt with widespread damage in Sikeston. One person (43m, indirect) in Southeast Sikeston lost his life due to a falling tree branch during cleanup. Another person (51f, indirect) in Morehouse died as a result of an unattended candle, used for lighting during the resulting power outage, causing a house fire. Flash flooding occurred in several counties in SE Missouri as a result of high rain rates with the first round of storms, with late morning storms extending flood duration. A majority of Ripley, Butler, Stoddard, and New Madrid Counties were without power as of late morning, with significant outages also occurring in Wayne, Scott, and Mississippi Counties.||Heading into the evening, MLCAPE values at 1800CST were 3500-4500 J/kg in SE Missouri. For SE Missouri, effective bulk shear rose to 45-55 kts, with SRH around 200-250 m2/s2 and STP of 2-4. 0-1 km shear was 15-20 kts. Mid-level lapse rates were 7-7.5 C/km. DCAPE of 1200-1500 J/kg provided ample opportunity for downburst winds.||Late afternoon to early evening supercells were mainly in S Illinois and W Kentucky. The few in SE Missouri approached far western counties. After several chaser videos of tornadoes west of Carter County, the cold front caught up to the storm and Carter County primarily had straight-line wind damage as a result, with a brief EF-0 tornado. Another tornado, an EF-1, entered Bollinger County southeast of Marquand. Several straight-line wind reports were received, along with more flash flooding as lingering high water and saturated soils from the day were quickly reinvigorated. 2-5 inches of rain fell across the southern two rows of counties, with some of the highest rainfall totals near the Black River and south of Cape Girardeau. More power outages occurred with Carter and Bollinger County outages, along with the seven counties from the morning with substantial outage numbers, continuing through the night. The Black River briefly flooded in Poplar Bluff following this storm.",202
1175165,WRIGHT CO.,DAWSON,05/26/2024,1611,Tornado, ,EF1,0,0,15000,0,MO,CST-6, ,190865,C,229,SGF,0,0,NWS Storm Survey, ,3.04,400,2,NNE,4,SSE,GRAFF,05/26/2024,1616,37.2716,-92.3083,37.27,-92.253,"A NWS Storm Survey found that an EF-1 tornado with maximum wind speeds of 100 mph caused extensive tree damage with numerous trees uprooted or snapped in Wright County before the tornado continued into Texas County.","A second round of severe thunderstorms occurred during the afternoon and evening on May 26, 2024. Supercell thunderstorms initialized over central Missouri and spread southward as rapid destabilization occurred along and east of Highway 65. 40-55 knots of deep layer shear combined with steep mid-level lapse rates and sufficient instability primed the atmosphere to produce all modes of severe weather. This included hail up to 4 inches in diameter, which caused extensive damage to cars and roofs in Webster County, as well as damaging winds and flooding. Four tornadoes touched down, including an EF-2 tornado in Shannon County, and an EF-3 tornado in Howell and Shannon counties.",203
1175166,TEXAS CO.,FOWLER,05/26/2024,1616,Tornado, ,EF1,0,0,500000,0,MO,CST-6, ,190865,C,215,SGF,0,0,NWS Storm Survey, ,11.2,400,3,NNW,2,NW,SIMMONS,05/26/2024,1638,37.27,-92.253,37.2511,-92.0508,"A NWS Storm Survey found that an EF-1 tornado with maximum wind speeds of 100 mph caused extensive tree damage with numerous trees uprooted or snapped. This tornado started north of Dawson in eastern Wright County and tracked east into Texas County where five outbuildings were heavily damaged or destroyed with two homes sustaining roof damage.  The tornado lifted 7 miles southwest of Houston in Texas County.","A second round of severe thunderstorms occurred during the afternoon and evening on May 26, 2024. Supercell thunderstorms initialized over central Missouri and spread southward as rapid destabilization occurred along and east of Highway 65. 40-55 knots of deep layer shear combined with steep mid-level lapse rates and sufficient instability primed the atmosphere to produce all modes of severe weather. This included hail up to 4 inches in diameter, which caused extensive damage to cars and roofs in Webster County, as well as damaging winds and flooding. Four tornadoes touched down, including an EF-2 tornado in Shannon County, and an EF-3 tornado in Howell and Shannon counties.",204
1175169,HOWELL CO.,TRASK,05/26/2024,1639,Tornado, ,EF3,0,5,1500000,0,MO,CST-6, ,190865,C,91,SGF,0,0,NWS Storm Survey, ,7.32,750,3,NNE,4,E,MOUNTAIN VIEW,05/26/2024,1653,37.0177,-91.7876,37.004,-91.656,"NWS Storm Survey concluded that a low end EF-3 tornado with peak wind speeds near 140 mph started 7 miles west northwest of Mountain View in Howell County and travelled east for almost 13 miles before lifting north of Montier in Shannon County. This storm in Howell County severely damaged three homes and completely destroyed a manufactured home, damaged several businesses, and multiple outbuildings were also heavily damaged or destroyed before moving into Shannon County.","A second round of severe thunderstorms occurred during the afternoon and evening on May 26, 2024. Supercell thunderstorms initialized over central Missouri and spread southward as rapid destabilization occurred along and east of Highway 65. 40-55 knots of deep layer shear combined with steep mid-level lapse rates and sufficient instability primed the atmosphere to produce all modes of severe weather. This included hail up to 4 inches in diameter, which caused extensive damage to cars and roofs in Webster County, as well as damaging winds and flooding. Four tornadoes touched down, including an EF-2 tornado in Shannon County, and an EF-3 tornado in Howell and Shannon counties.",205
1181710,JEFFERSON CO.,PAULINA HILLS,05/26/2024,1644,Tornado, ,EF0,0,0,10000,0,MO,CST-6, ,190881,C,99,LSX,0,0,NWS Storm Survey, ,0.21,100,1,NW,1,NNW,PAULINA HILLS,05/26/2024,1645,38.477,-90.439,38.479,-90.436,"A tornado touched down at the intersection of Highway 141 and Fiedler Lane blowing down a traffic light. As it tracked to the northeast it caused some minor siding damage to one house, uprooted at tree and blew down several large tree limbs. Further northeast it uprooted a large tree that landed on a house causing some porch and moderate roof damage. The tornado then lifted and dissipated. Overall, the tornado was rated EF0 with a path length of 0.21 miles and a max path width of 100 yards. No deaths or injuries were reported.","During the afternoon and early evening of May 26, 2024, ten tornadoes touched down in the St. Louis metropolitan area and southwest Illinois from a mix of supercells and QLCS modes. This occurred alongside numerous reports of large hail of up to 2.5 inches in diameter and damaging winds of up to 81 mph. Thankfully, there were no reported injuries or fatalities with these thunderstorms.",206
1181698,ST. LOUIS CO.,MATTESE,05/26/2024,1648,Tornado, ,EF1,0,0,30000,0,MO,CST-6, ,190881,C,189,LSX,0,0,NWS Storm Survey, ,5.34,172,1,WNW,1,N,CLIFF CAVE,05/26/2024,1657,38.485,-90.3757,38.4642,-90.2811,"A tornado touched down on East Lane, about 2.4 miles southwest of the I-270/I-55 interchange in southern St. Louis County and tracked to the southeast. It snapped off numerous tree limbs, uprooted several large trees and caused minor damage to roofs and siding on a couple of houses. However, one house sustained moderate damage when the roof over the carport was lifted off and dropped just to the left of the house. The tornado then crossed I-55. Between I-55 and the Mississippi River, just numerous snapped tree limbs and uprooted trees were noted as it moved through Oakville. Then the tornado crossed the Mississippi River into Monroe County, Illinois. The tornado was rated EF1 in St. Louis County with a path length of 5.34 miles and a max path width of 172 yards.","During the afternoon and early evening of May 26, 2024, ten tornadoes touched down in the St. Louis metropolitan area and southwest Illinois from a mix of supercells and QLCS modes. This occurred alongside numerous reports of large hail of up to 2.5 inches in diameter and damaging winds of up to 81 mph. Thankfully, there were no reported injuries or fatalities with these thunderstorms.",207
1175170,SHANNON CO.,TERESITA,05/26/2024,1653,Tornado, ,EF3,0,0,50000,0,MO,CST-6, ,190865,C,203,SGF,0,0,NWS Storm Survey, ,5.1,750,2,NW,3,NNE,MONTIER,05/26/2024,1705,37.004,-91.656,37.0186,-91.5654,"NWS Storm Survey concluded that a low end EF-3 tornado with peak wind speeds near 140 mph caused damage to homes and businesses in Howell County before moving into Shannon County and lifting north of Montier in Shannon County.  The tornado in Shannon County uprooted or snapped numerous trees and damaged several outbuildings.","A second round of severe thunderstorms occurred during the afternoon and evening on May 26, 2024. Supercell thunderstorms initialized over central Missouri and spread southward as rapid destabilization occurred along and east of Highway 65. 40-55 knots of deep layer shear combined with steep mid-level lapse rates and sufficient instability primed the atmosphere to produce all modes of severe weather. This included hail up to 4 inches in diameter, which caused extensive damage to cars and roofs in Webster County, as well as damaging winds and flooding. Four tornadoes touched down, including an EF-2 tornado in Shannon County, and an EF-3 tornado in Howell and Shannon counties.",208
1175167,SHANNON CO.,BARTLETT,05/26/2024,1712,Tornado, ,EF2,0,0,75000,0,MO,CST-6, ,190865,C,203,SGF,0,0,NWS Storm Survey, ,3.22,250,2,W,1,SE,BARTLETT,05/26/2024,1721,37.0055,-91.4618,36.9893,-91.4071,"NWS storm survey concluded an EF2 tornado with peak winds near 125 mph started 2 miles northeast of Birch Tree and travelled east southeast for just over 3 miles before lifting 4 miles east of Birch Tree. The tornado crossed Highway 60 just east of County Road 421. This tornado removed the roof of one home and destroyed a saw mill. Numerous trees were also uprooted or snapped along the path of the tornado.","A second round of severe thunderstorms occurred during the afternoon and evening on May 26, 2024. Supercell thunderstorms initialized over central Missouri and spread southward as rapid destabilization occurred along and east of Highway 65. 40-55 knots of deep layer shear combined with steep mid-level lapse rates and sufficient instability primed the atmosphere to produce all modes of severe weather. This included hail up to 4 inches in diameter, which caused extensive damage to cars and roofs in Webster County, as well as damaging winds and flooding. Four tornadoes touched down, including an EF-2 tornado in Shannon County, and an EF-3 tornado in Howell and Shannon counties.",209
1175168,SHANNON CO.,BARTLETT,05/26/2024,1720,Tornado, ,EF0,0,0,20000,0,MO,CST-6, ,190865,C,203,SGF,0,0,NWS Storm Survey, ,1.74,75,1,E,3,SW,WINONA,05/26/2024,1723,37.0006,-91.4019,36.9983,-91.3705,"A NWS Storm Survey concluded that a brief EF-0 tornado with peak winds near 80 mph tracked east just to the north of Highway 60 between Birch Tree and Winona. The tornado travelled east just to the north of Highway 60 for less than a mile, uprooting or snapping several trees.","A second round of severe thunderstorms occurred during the afternoon and evening on May 26, 2024. Supercell thunderstorms initialized over central Missouri and spread southward as rapid destabilization occurred along and east of Highway 65. 40-55 knots of deep layer shear combined with steep mid-level lapse rates and sufficient instability primed the atmosphere to produce all modes of severe weather. This included hail up to 4 inches in diameter, which caused extensive damage to cars and roofs in Webster County, as well as damaging winds and flooding. Four tornadoes touched down, including an EF-2 tornado in Shannon County, and an EF-3 tornado in Howell and Shannon counties.",210
1181699,REYNOLDS CO.,REDFORD,05/26/2024,1744,Tornado, ,EF0,0,0,0,0,MO,CST-6, ,190881,C,179,LSX,0,0,NWS Storm Survey, ,3.27,276,2,SE,4,E,REDFORD,05/26/2024,1746,37.3096,-90.8999,37.3294,-90.8477,"A tornado touched down at the intersection of Highway K and County Road 310, almost a mile south of Redford, snapping off several large tree limbs. Then the tornado tracked to the northeast. More large tree limbs were snapped off as it crossed Highway O just east of Redford. As it approached Highway K again, it snapped off more large tree limbs before lifting and dissipating around 2.8 miles east northeast of Redford. Overall, the tornado was rated EF0 with a path length of 3.27 miles and a max path width of 276 yards. No deaths or injuries were reported.","During the afternoon and early evening of May 26, 2024, ten tornadoes touched down in the St. Louis metropolitan area and southwest Illinois from a mix of supercells and QLCS modes. This occurred alongside numerous reports of large hail of up to 2.5 inches in diameter and damaging winds of up to 81 mph. Thankfully, there were no reported injuries or fatalities with these thunderstorms.",211
1181700,REYNOLDS CO.,REDFORD,05/26/2024,1751,Tornado, ,EF0,0,0,0,0,MO,CST-6, ,190881,C,179,LSX,0,0,NWS Storm Survey, ,1.17,50,8,E,9,E,REDFORD,05/26/2024,1752,37.324,-90.772,37.328,-90.751,"A tornado touched down along Highway K in far eastern Reynolds County, MO, producing minor tree damage before moving into Iron County. The tornado was rated EF0 with a path length of 1.17 miles and a max path width of 50 yards. No deaths or injuries were reported.","During the afternoon and early evening of May 26, 2024, ten tornadoes touched down in the St. Louis metropolitan area and southwest Illinois from a mix of supercells and QLCS modes. This occurred alongside numerous reports of large hail of up to 2.5 inches in diameter and damaging winds of up to 81 mph. Thankfully, there were no reported injuries or fatalities with these thunderstorms.",212
1181702,IRON CO.,ANNAPOLIS,05/26/2024,1752,Tornado, ,EF0,0,0,500,0,MO,CST-6, ,190881,C,93,LSX,0,0,NWS Storm Survey, ,11.25,167,3,SSW,1,N,BRUNOT,05/26/2024,1804,37.328,-90.751,37.34,-90.549,"The tornado tracked east into southern Iron County and then south of Annapolis, where it continued to produce minor tree damage and caused minor damage to the roof panels of a farm outbuilding on County Road 165 and Highway F. From there, the tornado continued into Madison County. The tornado was rated EF0 with a path length of 11.25 miles and a max path width of 167 yards. No deaths or injuries were reported.","During the afternoon and early evening of May 26, 2024, ten tornadoes touched down in the St. Louis metropolitan area and southwest Illinois from a mix of supercells and QLCS modes. This occurred alongside numerous reports of large hail of up to 2.5 inches in diameter and damaging winds of up to 81 mph. Thankfully, there were no reported injuries or fatalities with these thunderstorms.",213
1181705,REYNOLDS CO.,EXCHANGE,05/26/2024,1753,Tornado, ,EF0,0,0,500,0,MO,CST-6, ,190881,C,179,LSX,0,0,NWS Storm Survey, ,4.47,279,1,N,2,NE,ELLINGTON,05/26/2024,1757,37.2468,-91.0312,37.2738,-90.9587,"A tornado touched down north of Ellington along Highway F, causing minor tree damage. The tornado moved northeastward crossing Highway Y where it produced minor roof damage to an outbuilding. It then dissipated along Highway 21 while producing minor tree damage along its path. Overall, the tornado was rated EF0 with a path length of 4.47 miles and a max path width of 279 yards. No deaths or injuries were reported.","During the afternoon and early evening of May 26, 2024, ten tornadoes touched down in the St. Louis metropolitan area and southwest Illinois from a mix of supercells and QLCS modes. This occurred alongside numerous reports of large hail of up to 2.5 inches in diameter and damaging winds of up to 81 mph. Thankfully, there were no reported injuries or fatalities with these thunderstorms.",214
1188169,CARTER CO.,FREMONT,05/26/2024,1754,Tornado, ,EF0,0,0,1000,0,MO,CST-6, ,191491,C,35,PAH,0,0,NWS Storm Survey, ,0.2,50,4,ENE,4,ENE,FREMONT,05/26/2024,1755,36.9695,-91.1025,36.9696,-91.0989,"An eyewitness report spotted a tornado that briefly touched down north of U.S. 60 to the west of County Rd 3277, approximately 5 miles WSW of Van Buren. Drone footage observed some tree damage in this area.","The second major severe weather outbreak for the month occurred on the 26th for the Quad State region. On the synoptic scale, a shortwave trough centered in the middle of the country with a 60 kt mid-level jet moved across northern Arkansas. A weak surface low was moving into SE Missouri during the morning with a secondary low located further northwest. A warm frontal boundary was draped across our area. A bowing line progressed east across SE Missouri into W Kentucky and far S Illinois between 0500-1000CST, followed by a mostly sub-severe second line that exited the region by 1300CST. The environment recovered producing fuel for more severe storms, starting with supercells 1800-2100CST with a line of storms moving east-southeastward across the entire Quad State after 1900CST, crossing through by midnight. Across the Quad State, this event produced the record for most tornado track miles in a single day in office history, along with the second most warnings issued in a day (just behind the May 8, 2024 event). Widespread straight-line wind and tornado damage resulted in over 100,000 customers without power across the Quad State. ||For the morning, MLCAPE values at 0700CST were 1000-2500 J/kg in SE Missouri. Effective bulk shear was 40-50 kts with STP of 1-3. Precipitable water was 1.6-1.9 inches, allowing for torrential rainfall rates.||The morning round of storms produced widespread straight-line wind damage across the southernmost portions of SE Missouri, especially Ripley to Stoddard Counties. Three strong tornadoes occurred during the early morning in SE Missouri. The first was a long-track EF-2 tornado beginning in Oregon County, then crossed the entirety of Ripley County before lifting on the SW side of Poplar Bluff. A destructive downburst in Dexter transitioned into an EF-2 tornado that tracked northeastward to southeast of Morley in Scott County. An EF-3 tornado that began in far eastern Stoddard County moved northeastward through Sikeston to Diehlstadt with widespread damage in Sikeston. One person (43m, indirect) in Southeast Sikeston lost his life due to a falling tree branch during cleanup. Another person (51f, indirect) in Morehouse died as a result of an unattended candle, used for lighting during the resulting power outage, causing a house fire. Flash flooding occurred in several counties in SE Missouri as a result of high rain rates with the first round of storms, with late morning storms extending flood duration. A majority of Ripley, Butler, Stoddard, and New Madrid Counties were without power as of late morning, with significant outages also occurring in Wayne, Scott, and Mississippi Counties.||Heading into the evening, MLCAPE values at 1800CST were 3500-4500 J/kg in SE Missouri. For SE Missouri, effective bulk shear rose to 45-55 kts, with SRH around 200-250 m2/s2 and STP of 2-4. 0-1 km shear was 15-20 kts. Mid-level lapse rates were 7-7.5 C/km. DCAPE of 1200-1500 J/kg provided ample opportunity for downburst winds.||Late afternoon to early evening supercells were mainly in S Illinois and W Kentucky. The few in SE Missouri approached far western counties. After several chaser videos of tornadoes west of Carter County, the cold front caught up to the storm and Carter County primarily had straight-line wind damage as a result, with a brief EF-0 tornado. Another tornado, an EF-1, entered Bollinger County southeast of Marquand. Several straight-line wind reports were received, along with more flash flooding as lingering high water and saturated soils from the day were quickly reinvigorated. 2-5 inches of rain fell across the southern two rows of counties, with some of the highest rainfall totals near the Black River and south of Cape Girardeau. More power outages occurred with Carter and Bollinger County outages, along with the seven counties from the morning with substantial outage numbers, continuing through the night. The Black River briefly flooded in Poplar Bluff following this storm.",215
1181703,MADISON CO.,FARO,05/26/2024,1804,Tornado, ,EF0,0,0,0,0,MO,CST-6, ,190881,C,123,LSX,0,0,NWS Storm Survey, ,5.81,50,5,SW,1,S,SACO,05/26/2024,1811,37.34,-90.549,37.353,-90.448,"The tornado continued into Madison County where it passed north of Beulah and south of Shelton Ford, only producing minor tree damage prior to dissipating south of Saco. The tornado was rated EF0 in Madison County with a path length of 5.81 miles and a max path width of 50 yards. No deaths or injuries were reported.","During the afternoon and early evening of May 26, 2024, ten tornadoes touched down in the St. Louis metropolitan area and southwest Illinois from a mix of supercells and QLCS modes. This occurred alongside numerous reports of large hail of up to 2.5 inches in diameter and damaging winds of up to 81 mph. Thankfully, there were no reported injuries or fatalities with these thunderstorms.",216
1181707,MADISON CO.,MARQUAND,05/26/2024,1825,Tornado, ,EF0,0,0,0,0,MO,CST-6, ,190881,C,123,LSX,0,0,NWS Storm Survey, ,1.08,250,0,ESE,1,ESE,MARQUAND,05/26/2024,1826,37.427,-90.1639,37.4246,-90.1447,"A tornado touched down in Marquand (WFO LSX) where several tree limbs were broken. The tornado traveled southeast into Bollinger County (WFO PAH). The tornado was rated EF0 in Madison County with a path length of 1.08 miles and a max path width of 250 yards. No deaths or injuries were reported.","During the afternoon and early evening of May 26, 2024, ten tornadoes touched down in the St. Louis metropolitan area and southwest Illinois from a mix of supercells and QLCS modes. This occurred alongside numerous reports of large hail of up to 2.5 inches in diameter and damaging winds of up to 81 mph. Thankfully, there were no reported injuries or fatalities with these thunderstorms.",217
1188489,BOLLINGER CO.,GRISHAM,05/26/2024,1826,Tornado, ,EF1,0,0,70000,0,MO,CST-6, ,191491,C,17,PAH,0,0,NWS Storm Survey, ,4.23,250,4,NW,3,W,HURRICANE,05/26/2024,1830,37.4248,-90.145,37.4151,-90.0688,"An EF-1 tornado began in Marquand in Madison County, then traveled southeast into Bollinger County near County Rd 846, causing uprooted trees and large broken branches. It crossed County Rd 844, and then went on to cause a swath of substantial tree damage (snapped and uprooted trees) near Crooked Creek. The tornado then moved in a more easterly direction south of the Hawn Creek Access area, before crossing County Rd 848. A home had part of its porch lifted up and damaged in this location along with large tree limbs broken. The tornado then caused a fairly decent swath of tree damage in some forested areas north of County Rd 846/Hwy 00. At the end of the tornado track, the roof of a barn was destroyed and the debris was tossed onto the adjacent home, causing roof damage. Estimated peak winds for the Bollinger County portion of this tornado, and the tornado as a whole, were 100 mph.","The second major severe weather outbreak for the month occurred on the 26th for the Quad State region. On the synoptic scale, a shortwave trough centered in the middle of the country with a 60 kt mid-level jet moved across northern Arkansas. A weak surface low was moving into SE Missouri during the morning with a secondary low located further northwest. A warm frontal boundary was draped across our area. A bowing line progressed east across SE Missouri into W Kentucky and far S Illinois between 0500-1000CST, followed by a mostly sub-severe second line that exited the region by 1300CST. The environment recovered producing fuel for more severe storms, starting with supercells 1800-2100CST with a line of storms moving east-southeastward across the entire Quad State after 1900CST, crossing through by midnight. Across the Quad State, this event produced the record for most tornado track miles in a single day in office history, along with the second most warnings issued in a day (just behind the May 8, 2024 event). Widespread straight-line wind and tornado damage resulted in over 100,000 customers without power across the Quad State. ||For the morning, MLCAPE values at 0700CST were 1000-2500 J/kg in SE Missouri. Effective bulk shear was 40-50 kts with STP of 1-3. Precipitable water was 1.6-1.9 inches, allowing for torrential rainfall rates.||The morning round of storms produced widespread straight-line wind damage across the southernmost portions of SE Missouri, especially Ripley to Stoddard Counties. Three strong tornadoes occurred during the early morning in SE Missouri. The first was a long-track EF-2 tornado beginning in Oregon County, then crossed the entirety of Ripley County before lifting on the SW side of Poplar Bluff. A destructive downburst in Dexter transitioned into an EF-2 tornado that tracked northeastward to southeast of Morley in Scott County. An EF-3 tornado that began in far eastern Stoddard County moved northeastward through Sikeston to Diehlstadt with widespread damage in Sikeston. One person (43m, indirect) in Southeast Sikeston lost his life due to a falling tree branch during cleanup. Another person (51f, indirect) in Morehouse died as a result of an unattended candle, used for lighting during the resulting power outage, causing a house fire. Flash flooding occurred in several counties in SE Missouri as a result of high rain rates with the first round of storms, with late morning storms extending flood duration. A majority of Ripley, Butler, Stoddard, and New Madrid Counties were without power as of late morning, with significant outages also occurring in Wayne, Scott, and Mississippi Counties.||Heading into the evening, MLCAPE values at 1800CST were 3500-4500 J/kg in SE Missouri. For SE Missouri, effective bulk shear rose to 45-55 kts, with SRH around 200-250 m2/s2 and STP of 2-4. 0-1 km shear was 15-20 kts. Mid-level lapse rates were 7-7.5 C/km. DCAPE of 1200-1500 J/kg provided ample opportunity for downburst winds.||Late afternoon to early evening supercells were mainly in S Illinois and W Kentucky. The few in SE Missouri approached far western counties. After several chaser videos of tornadoes west of Carter County, the cold front caught up to the storm and Carter County primarily had straight-line wind damage as a result, with a brief EF-0 tornado. Another tornado, an EF-1, entered Bollinger County southeast of Marquand. Several straight-line wind reports were received, along with more flash flooding as lingering high water and saturated soils from the day were quickly reinvigorated. 2-5 inches of rain fell across the southern two rows of counties, with some of the highest rainfall totals near the Black River and south of Cape Girardeau. More power outages occurred with Carter and Bollinger County outages, along with the seven counties from the morning with substantial outage numbers, continuing through the night. The Black River briefly flooded in Poplar Bluff following this storm.",218
1177763,SCOTLAND CO.,AZEN,05/27/2024,1638,Tornado, ,EF0,0,0,0,0,MO,CST-6, ,191280,C,199,DVN,0,0,NWS Storm Survey, ,0.26,20,5,ENE,5,ENE,AZEN,05/27/2024,1639,40.604,-91.954,40.602,-91.951,"A brief tornado caused outbuilding and tree damage early. A trained spotter also observed a narrow, short path through grass and a tree line. The tornado had maximum winds around 85 mph and was rated EF-0. There were no injuries.","During the afternoon and evening hours of May 27th, a few severe storms moved through Iowa, Illinois, and northeast Missouri. While there were not many storms, they remained strong to severe for most of the entire path through the area, producing large hail reports for the most part, along with some damaging winds, and one isolated EF0 tornado. Most notably, these storms produced significant swaths of small hail, accumulating deep enough to affect roads and leave piles near homes that lasted hours. Some areas of crops were damaged by the small hail and large hail.",219
1205253,STONE CO.,TABLE ROCK RES,07/03/2024,1859,Tornado, ,EF0,0,0,0,0,MO,CST-6, ,192135,C,209,SGF,0,0,NWS Storm Survey, ,1.05,150,3,NNE,2,NNW,SILVER DOLLAR CITY,07/03/2024,1901,36.71,-93.46,36.7,-93.44,"A NWS storm survey concluded that a brief EF-0 tornado touched down west of Branson West near State Highway Y. Maximum wind gusts of 80 mph caused numerous trees to be uprooted or snapped along the path, which was confirmed via sentinel satellite data and a law enforcement drone video. The tornado was on the ground for approximately one mile with a path width of 150 yards.","A northeast-southeast oriented cold front from central Kansas across northwest Missouri dropped southeast into the Missouri Ozarks during the afternoon and evening hours on July 3, 2024. Thunderstorms developed along the boundary, bringing hail between 1-3 inches and damaging winds. Of note was 100 mph winds resulting in a cell tower collapsing as well as 3 inch size hail in Stone County. A tornado also occurred in Stone County, resulting in multiple trees to be uprooted or snapped.",220
1203024,MISSISSIPPI CO.,ALFALFA CENTER,07/08/2024,1253,Tornado, ,EFU,0,0,0,0,MO,CST-6, ,194382,C,133,PAH,0,0,Broadcast Media, ,0.73,25,2,WSW,2,W,ALFALFA CENTER,07/08/2024,1255,36.9597,-89.2249,36.9679,-89.2333,"Multiple videos of a landspout tornado were reported from a storm in Mississppi County southeast of an I-57 weigh station. The storm drifted northwestward.","Convection developed during the afternoon of the 8th with activity most widespread between 1200-1700CST. PW values of 2-2.25 inches, bolstered by moisture from Hurricane Beryl to the southwest, resulted in torrential rainfall rates that produced isolated flooding issues. Additionally, a landspout formed south of I-57 in Mississippi County, reported via several photos and videos. Effective bulk shear was roughly 30 kts during the afternoon while MLCAPE was up to 2000 J/kg.",221
1201515,WARREN CO.,HOLSTEIN,07/16/2024,1034,Tornado, ,EF0,0,0,0,0,MO,CST-6, ,194344,C,219,LSX,0,0,NWS Employee, ,0.25,25,2,W,2,W,HOLSTEIN,07/16/2024,1035,38.6468,-91.1996,38.6468,-91.1996,"The emergency manager reported vegetation damage in the area, though to what extent is unknown. A brief tornado debris signature is evident in radar data.","A line of thunderstorms entered northeast Missouri during the early morning of the 16th and moved southeast producing flash flooding and large hail in its track. Further south, additional thunderstorms in Illinois back-built into Missouri along its western edge, producing additional flash flooding, and most notably, two tornadoes by mid-afternoon.",222
1201517,JEFFERSON CO.,BYRNESVILLE,07/16/2024,1101,Tornado, ,EF0,0,0,0,0,MO,CST-6, ,194344,C,99,LSX,0,0,NWS Storm Survey, ,1.96,25,1,WSW,1,N,CEDAR HILL,07/16/2024,1104,38.3946,-90.6494,38.3691,-90.6339,"A tornado touched down on the west side of Byrnesville and traced southeast into Cedar Hill before lifting just east of Highway 30. Concentrated areas of tree damage were found along its path. The tornado was rated an EF0 with a path length of 1.96 miles and a max path width of 25 yards. No deaths or injuries were reported.","A line of thunderstorms entered northeast Missouri during the early morning of the 16th and moved southeast producing flash flooding and large hail in its track. Further south, additional thunderstorms in Illinois back-built into Missouri along its western edge, producing additional flash flooding, and most notably, two tornadoes by mid-afternoon.",223
1203019,MISSISSIPPI CO.,ALFALFA CENTER,07/26/2024,1227,Tornado, ,EFU,0,0,0,0,MO,CST-6, ,194595,C,133,PAH,0,0,Emergency Manager, ,0.38,25,1,ESE,1,ESE,ALFALFA CENTER,07/26/2024,1228,36.96,-89.18,36.9652,-89.1776,"Multiple photos were reported of a landspout tornado on the southwest side of Cairo near the Mississippi River which formed near the intersection of a small cell and an outflow boundary. No damage was reported with this landspout.","A frontal boundary across southernmost portions of Missouri and Kentucky became a focal point for developing afternoon thunderstorms on the 26th, with progression slowly expanding northward. One of these storms just south of Cairo, Illinois in Mississippi County, Missouri produced a brief landspout tornado with multiple reports submitted with pictures. MLCAPE was 2000 J/kg while shear and helicity were very limited.",224
1208983,BUTLER CO.,(P02)POPLAR BLUFF AR,08/31/2024,1344,Tornado, ,EFU,0,0,0,0,MO,CST-6, ,195417,C,23,PAH,0,0,Broadcast Media, ,0.09,20,1,NW,1,NW,(P02)POPLAR BLUFF AR,08/31/2024,1345,36.7819,-90.3494,36.7827,-90.3507,"Media relayed a video taken from Helen Ave looking northeast around 1345CST of a landspout drifting northwestward between Twisted Arrow and Poplar Bluff Farm Equipment. The landspout appeared to dissipate on approach to Business U.S. 60. No damage was observed with this landspout.","Thunderstorm activity increased during the afternoon in a warm, moist, and unstable environment. MLCAPE values were around 1500 J/kg but shear was limited. Storm activity remained sub-severe, though a brief landspout tornado was captured on video on the northeast side of Poplar Bluff.",225
1217077,MONROE CO.,GRANVILLE,10/30/2024,2150,Tornado, ,EF0,0,0,10000,0,MO,CST-6, ,196328,C,137,LSX,0,0,NWS Storm Survey, ,6.02,150,1,NNE,4,W,NORTH FORK,10/30/2024,2156,39.5847,-92.0893,39.6237,-91.9966,"An EF-0 tornado formed shortly before 11pm CDT off of County Rd 274, initially producing minor tree damage. The tornado moved quickly northeastward and peaked in intensity, impacting a farm off of Highway MM, destroying an outbuilding. From there, the tornado continued east-northeast, producing sporadic tree damage before dissipating just east of Monroe Rd 311. The tornado had a path length of 6.02 miles and a max path width of 150 yards. No deaths or injuries were reported.","During the very late evening and early morning hours of October 30th and 31st, a severe QLCS passed through the forecast area. This line produced wind gusts of up to 70 mph and produced sporadic wind damage. It also produced one tornado in Missouri during its passage.",226
1219773,STONE CO.,ELSEY,11/04/2024,1815,Tornado, ,EF0,0,0,35000,0,MO,CST-6, ,196444,C,209,SGF,0,0,NWS Storm Survey, ,1.4,50,1,NNW,1,NE,ELSEY,11/04/2024,1820,36.8563,-93.5548,36.8648,-93.5318,"A NWS storm survey confirmed that a brief EF-0 tornado with peak winds of 77 mph, a path length of 1.40 miles, and a width of 50 yards occurred 1 mile west-northwest of Elsey in Stone County. This tornado uplifted roofs to an outbuilding and outbuilding sheds, caused roof damage to both a church and a home, and snapped several large tree branches.","Multiple rounds of heavy rainfall and thunderstorms brought severe weather and flooding to southwest Missouri from November 4-5, 2024. A corridor of very heavy rainfall east of Springfield caused several rivers to reach major flood stage, with some locations experiencing record flooding. A total of four tornadoes were also observed on November 4, all of which were EF-0 in strength. Residual river flooding was observed through November 8, 2024 before flood waters began to recede.",227
1222721,DOUGLAS CO.,SWEDEN,11/04/2024,1826,Tornado, ,EF0,0,0,0,0,MO,CST-6, ,196444,C,67,SGF,0,0,NWS Storm Survey, ,0.01,50,3,SW,3,SW,SWEDEN,11/04/2024,1827,36.8524,-92.54,36.8524,-92.5399,"An NWS storm survey determined that a brief tornado downed small limbs.","Multiple rounds of heavy rainfall and thunderstorms brought severe weather and flooding to southwest Missouri from November 4-5, 2024. A corridor of very heavy rainfall east of Springfield caused several rivers to reach major flood stage, with some locations experiencing record flooding. A total of four tornadoes were also observed on November 4, all of which were EF-0 in strength. Residual river flooding was observed through November 8, 2024 before flood waters began to recede.",228
1222720,DOUGLAS CO.,DENLOW,11/04/2024,1847,Tornado, ,EF0,0,0,0,0,MO,CST-6, ,196444,C,67,SGF,0,0,NWS Storm Survey, ,0.01,50,2,NNE,2,NNE,DENLOW,11/04/2024,1848,37.0065,-92.3536,37.0067,-92.3535,"An NWS storm survey determined a weak tornado downed small limbs.","Multiple rounds of heavy rainfall and thunderstorms brought severe weather and flooding to southwest Missouri from November 4-5, 2024. A corridor of very heavy rainfall east of Springfield caused several rivers to reach major flood stage, with some locations experiencing record flooding. A total of four tornadoes were also observed on November 4, all of which were EF-0 in strength. Residual river flooding was observed through November 8, 2024 before flood waters began to recede.",229
1222719,DOUGLAS CO.,GOODVILLE,11/04/2024,1855,Tornado, ,EF0,0,0,0,0,MO,CST-6, ,196444,C,67,SGF,0,0,NWS Storm Survey, ,0.01,50,3,NE,3,NE,GOODVILLE,11/04/2024,1856,37.0596,-92.2601,37.0596,-92.26,"A NWS storm survey noted small limbs down in association with a tornado.","Multiple rounds of heavy rainfall and thunderstorms brought severe weather and flooding to southwest Missouri from November 4-5, 2024. A corridor of very heavy rainfall east of Springfield caused several rivers to reach major flood stage, with some locations experiencing record flooding. A total of four tornadoes were also observed on November 4, all of which were EF-0 in strength. Residual river flooding was observed through November 8, 2024 before flood waters began to recede.",230
1217695,MONTGOMERY CO.,LIEGE,11/04/2024,2128,Tornado, ,EF0,0,0,0,0,MO,CST-6, ,196734,C,139,LSX,0,0,NWS Storm Survey, ,1.87,25,3,ESE,4,E,LIEGE,11/04/2024,2130,38.9842,-91.3047,38.9953,-91.2762,"A brief, weak tornado formed along Baptist Rd in Montgomery County, tracking east-northeastward. The tornado did not impact any structures, but produced sporadic tree damage and lofted crop debris that was sampled by the KLSX radar. The tornado was rated EF-0 and had a path length of 1.87 miles and a max path width of 25 yards. No deaths or injuries were reported.","Overnight on Sunday, November 3rd, a shield of rain and thunderstorms moved into the bi-state area. By Monday morning, persistent rainfall resulted in fatal flash flooding in southeast Missouri, with one fatality occurring in Iron County. Later on Monday evening, a QLCS produced two EF-0 tornadoes in east-central Missouri and shifted the axis of heaviest rain to the north. Due to the shift northward, record rainfall amounts caused deadly flash flooding in the St. Louis metropolitan area on Tuesday morning with two fatalities caused by rising waters.",231
1217696,ST. CHARLES CO.,FORISTELL,11/04/2024,2139,Tornado, ,EF0,0,0,5000,0,MO,CST-6, ,196734,C,183,LSX,0,0,NWS Storm Survey, ,4.94,75,1,N,3,NNW,FLINT HILL,11/04/2024,2148,38.8355,-90.9519,38.8866,-90.8877,"An EF-0 tornado touched down just after 9:30pm CST on the evening of Monday, November 4th in northwestern St. Charles County. The tornado tracked to the northeast for just under 5 miles, damaging several trees, a pole barn and causing minor damage to a residence. It then tracked into southern Lincoln County. The tornado had a path length of 4.94 miles and a max path width of 75 yards in St. Charles County. No deaths or injuries were reported.","Overnight on Sunday, November 3rd, a shield of rain and thunderstorms moved into the bi-state area. By Monday morning, persistent rainfall resulted in fatal flash flooding in southeast Missouri, with one fatality occurring in Iron County. Later on Monday evening, a QLCS produced two EF-0 tornadoes in east-central Missouri and shifted the axis of heaviest rain to the north. Due to the shift northward, record rainfall amounts caused deadly flash flooding in the St. Louis metropolitan area on Tuesday morning with two fatalities caused by rising waters.",232
1217697,LINCOLN CO.,ETHLYN,11/04/2024,2148,Tornado, ,EF0,0,0,0,0,MO,CST-6, ,196734,C,113,LSX,0,0,NWS Storm Survey, ,1.14,25,4,SW,3,SW,ETHLYN,11/04/2024,2149,38.8866,-90.8877,38.8983,-90.8729,"The tornado then crossed Highway 61 from St. Charles County into far southern Lincoln County doing minor and isolated tree damage before lifting. The tornado had a path length of 1.14 miles and a max path width of 25 yards in Lincoln County. No deaths or injuries were reported.","Overnight on Sunday, November 3rd, a shield of rain and thunderstorms moved into the bi-state area. By Monday morning, persistent rainfall resulted in fatal flash flooding in southeast Missouri, with one fatality occurring in Iron County. Later on Monday evening, a QLCS produced two EF-0 tornadoes in east-central Missouri and shifted the axis of heaviest rain to the north. Due to the shift northward, record rainfall amounts caused deadly flash flooding in the St. Louis metropolitan area on Tuesday morning with two fatalities caused by rising waters.",233
1221138,BENTON CO.,ZORA,12/14/2024,1541,Tornado, ,EF0,0,0,12000,0,MO,CST-6, ,197396,C,15,SGF,0,0,NWS Storm Survey, ,1.69,75,1,NW,2,NNE,ZORA,12/14/2024,1546,38.2862,-93.1104,38.3031,-93.0919,"A National Weather Service storm survey determined that an EF-0 tornado occurred near the town of Zora. Several trees were damaged along with an outbuilding. The tornado traveled along a 1.7 mile path with maximum estimated winds at 80 mph and a path width of 75 yards.","A few severe thunderstorms developed during the afternoon and evening of December 14th. A brief, weak tornado occurred in Benton County. A few low water crossings were affected due to heavy rainfall.",234
1222722,CAMDEN CO.,LINN CREEK,12/14/2024,1620,Tornado, ,EFU,0,0,0,0,MO,CST-6, ,197396,C,29,SGF,0,0,Social Media, ,0.17,50,2,NNW,2,NNW,LINN CREEK,12/14/2024,1621,38.0634,-92.7322,38.063,-92.7291,"Video received via social media indicated a tornado touched down over the Linn Creek Cove near the Lake of the Ozarks mile marker 31.  The location of the touch down and lift is estimated.   No damage occurred so the intensity was listed as FU.","A few severe thunderstorms developed during the afternoon and evening of December 14th. A brief, weak tornado occurred in Benton County. A few low water crossings were affected due to heavy rainfall.",235
